,metadata,metadata,metadata,metadata,metadata,metadata,metadata,metadata,metadata,metadata,metadata,ims,ims,ims,ims,ims,ims,ims,ims,ims,ims,ims,ims,ims,ims,ims,ims,ims,ims,ims,ims,ims,ims,ims,metadata,ims_scaled,ims_scaled,ims_scaled,ims_scaled,ims_scaled,ims_scaled,ims_scaled,ims_scaled,ims_scaled,ims_scaled,ims_scaled,ims_scaled,ims_scaled,ims_scaled,ims_scaled,ims_scaled,ims_scaled,ims_scaled,ims_scaled,ims_scaled,ims_scaled,ims_scaled,ims_scaled
,index,event_id,event_time,station_code,location_code,trt,mag,rjb,vs30,max_usable_T,component,RSD595,PGA,"AvgSA([0, 3])",SA(0.025),SA(0.034),SA(0.046),SA(0.062),SA(0.084),SA(0.114),SA(0.155),SA(0.209),SA(0.284),SA(0.384),SA(0.521),SA(0.705),SA(0.955),SA(1.294),SA(1.753),SA(2.375),SA(3.218),SA(4.359),SA(5.905),SA(8.0),alpha,RSD595,PGA,"AvgSA([0, 3])",SA(0.025),SA(0.034),SA(0.046),SA(0.062),SA(0.084),SA(0.114),SA(0.155),SA(0.209),SA(0.284),SA(0.384),SA(0.521),SA(0.705),SA(0.955),SA(1.294),SA(1.753),SA(2.375),SA(3.218),SA(4.359),SA(5.905),SA(8.0)
7326,8308,EMSC-20160824_0000006,2016-08-24 01:36:32,AQG,00,Shallow Default,6.0,29.52,696.0,16.0,U,11.545,0.0519417145769622,0.0301088262120126,0.0531470948012232,0.0568565297506191,0.05794478554057561,0.06577151765676556,0.07344237924143168,0.08388563689386776,0.11100882561642596,0.16788237208890286,0.0958489677014589,0.12076074823946405,0.13226130477176035,0.07274012280294001,0.05282656797970939,0.030624859523458517,0.02348634405148064,0.01566843766680632,0.0076735885285218195,0.005785535142490567,0.002884053545700919,0.0014450254841996998,1.2898857157308956,11.545,0.06699887568339478,0.038836944848299026,0.06855367841669355,0.07333842557135227,0.07474215116987862,0.08483774112740428,0.09473227591281398,0.10820288478438864,0.14318869848268978,0.216549073680495,0.1236342143056638,0.15576756417505958,0.17060196776902423,0.09382644536402351,0.06814023544811426,0.039502568845574425,0.030294699706746166,0.02021049393423339,0.009898052231336758,0.0074626791381576935,0.003720099472002657,0.0018639177309363137
9591,10632,EMSC-20161026_0000095,2016-10-26 19:18:06,MMO,00,Shallow Default,5.9,10.4,787.333015,8.0,U,7.675,0.1701613078491335,0.048969440148017,0.1731243628950051,0.1992068998057276,0.2210635716290379,0.24426861285233684,0.2583590838483478,0.3271093005167605,0.4987600820263157,0.31956826741039085,0.30742931322313777,0.28813224955052136,0.1578624861023392,0.13785588857930461,0.09165234299374955,0.058909081470661734,0.0338901645331074,0.017824809351536717,0.008484972876781436,0.005132682005916602,0.0032469387338740626,0.0017090010193678996,0.7930853350765072,7.675,0.13495243785258673,0.038836944848299026,0.13730239335649197,0.15798807088197767,0.17532227677862497,0.19372585467266917,0.20490080058392637,0.2594255892069769,0.3955593067766268,0.2534449064389887,0.2438176798899127,0.22851346168112305,0.12519842268648415,0.10933148358618745,0.07268812915374484,0.04671992861720903,0.026877792494537443,0.014136594897238357,0.006729307557097281,0.004070654828503528,0.0025750994937274014,0.001355383646091483
28717,8407,EMSC-20160824_0000006,2016-08-24 01:36:32,SPD,00,Shallow Default,6.0,16.12,968.233606,16.0,V,8.615,0.1017818960244648,0.0507473810505501,0.10302854230377162,0.10272487134526345,0.10387687965347114,0.10983330809858169,0.12077591875762651,0.14584497371788346,0.18360165530261727,0.1504738293147025,0.19278860731395844,0.20773174670520075,0.19970437253527024,0.27403263238375586,0.10450448154037811,0.05851003206756324,0.03686096982415543,0.017013787248934313,0.015037752528287278,0.009560781421686754,0.004494870700776922,0.0019476248725790006,0.7652994902261667,8.615,0.07789363314177562,0.038836944848299026,0.07884769090382147,0.07861529167407869,0.07949692304508633,0.08405537469769808,0.0924297490568085,0.1116150840383449,0.14051025320777338,0.11515754486692104,0.14754102289878504,0.15897699985728134,0.1528336544971788,0.2097170338686229,0.07997722644920122,0.04477769771442282,0.028209681415668268,0.013020642708425885,0.011508384344045504,0.007316861148180679,0.0034399222559371116,0.001490516322136512
35447,15810,IT-2009-0102,2009-04-07 17:47:37,RM13,00,Shallow Default,5.54,12.29,792.446158,20.0,V,6.87,0.1334528379204893,0.0247071037478449,0.14053618756371047,0.14934208570695173,0.1705880926942213,0.23318470782086329,0.2535084425631699,0.21049276091016944,0.163924392089634,0.19952912142875381,0.27959550492497254,0.14764609574120835,0.124596432285789,0.09092086870418647,0.047469188714696915,0.026929818497015694,0.011912133045665503,0.006794432688570079,0.003938342280496087,0.002574960211723052,0.001435763161107889,0.0007598236493374,1.5718938668271312,6.87,0.20977369743789231,0.038836944848299026,0.22090797129866385,0.2347499085819292,0.2681463766597846,0.36654161206149155,0.39848836605394483,0.33087227988620505,0.25767174654906155,0.31363860222726403,0.4394944593839993,0.2320839923565768,0.19585236773857367,0.14291795588270556,0.07461652660389174,0.0423308165302268,0.018724608875310397,0.010680127071733082,0.006190656076177777,0.004047564164131357,0.002256867307161825,0.001194362134263668
7405,8387,EMSC-20160824_0000006,2016-08-24 01:36:32,PZI1,00,Shallow Default,6.0,22.73,855.838905,16.0,U,11.635,0.0451939276248725,0.0375823611787012,0.04515810397553511,0.04854194435138545,0.05453087887673936,0.06405177344587794,0.08777291707150697,0.11591348313064027,0.11990683046033539,0.09091672434816836,0.10259304964662946,0.06887865226781319,0.10493646427253628,0.06754409853361583,0.05841815066698957,0.053340260881157814,0.033817026121904924,0.018578347335878435,0.01340329693094111,0.007231614554515091,0.00414475639618047,0.0014187563710499,1.0333822471566483,11.635,0.04670260248682567,0.038836944848299026,0.046665582963572046,0.05016238353518767,0.056351242153071926,0.06618996557786988,0.09070297428284801,0.11978293567329529,0.12390958991053262,0.09395172891103178,0.10601783618648754,0.07117797646163417,0.10843947925862688,0.069798872324838,0.060368279810989335,0.055120878653292724,0.03494591444600918,0.019198534318406787,0.013850729101803731,0.007473022098915529,0.004283117678601865,0.001466117646883357
9616,10657,EMSC-20161026_0000095,2016-10-26 19:18:06,SLO,00,Shallow Default,5.9,11.2,821.321471,11.428571428571429,U,13.535,0.0586800193679918,0.0339186122625662,0.061764627930682894,0.07522700950949204,0.0885638450797472,0.11338470835199445,0.1342711416155639,0.13237735495730343,0.12226192374499983,0.16720310143115358,0.12043110355295424,0.12873215472054877,0.08095754332796769,0.07812823252090617,0.04576980469384973,0.05267234941265149,0.028529036337760195,0.014327493279350288,0.011192436566954879,0.005057336886667689,0.005016824403196242,0.002633251783893901,1.1450039449627152,13.535,0.06718885366683915,0.038836944848299026,0.07072074263978621,0.08613522265611608,0.1014059519973773,0.12982593836148057,0.15374098684446805,0.15157259364984207,0.13999038500675548,0.19144821074867185,0.13789408866434585,0.14739882499857895,0.09269670648501295,0.08945713444940187,0.052406606934630943,0.06031004786794051,0.03266585915272008,0.01640503632628287,0.012815384022908285,0.00579067068623996,0.005744283732844916,0.0030150836806386236
31627,11381,EMSC-20161030_0000029,2016-10-30 06:40:18,PCB,00,Shallow Default,6.5,19.41,654.98483,16.0,V,8.005,0.244199126401631,0.0871725967849265,0.2586136595310907,0.2803350791933994,0.3604853593656893,0.49032450434477326,0.6289997285616333,0.7954296557401279,0.8800890704982616,0.3743859825523192,0.20039237727492196,0.2176494975858387,0.1764334859948561,0.1702587232516377,0.14190272360277495,0.11101562897693129,0.05917195868879803,0.035655386749814784,0.03770756633256904,0.020850082222497564,0.012022600437919565,0.006266941896024398,0.4455178150092064,8.005,0.10879506122161164,0.038836944848299026,0.11521699252582636,0.12489427195267613,0.16060264964741047,0.21844830182115552,0.2802305847101628,0.354378082218867,0.39209535970186893,0.16679562491678412,0.08927837406802377,0.09696672860229441,0.0786042611748857,0.07585329436932679,0.06322019136336364,0.04945944045367517,0.026362161744848324,0.015885109998085692,0.016799392561800873,0.009289083074529412,0.005356282677830652,0.0027920342603064427
4693,4978,EMSC-20141122_0000066,2014-11-22 19:14:16,ODBI,00,Shallow Default,5.5,16.7,584.860285,20.0,U,6.925,0.1957183394495413,0.0471251420609291,0.21299490316004077,0.24652368212677403,0.266004037960246,0.32336627836306153,0.3451449598515654,0.384450290132785,0.5362546086594687,0.598323377015128,0.5615655597086215,0.306996022532442,0.17700743662749782,0.08894695218975919,0.07690651368798941,0.049993680546924886,0.03229636842332188,0.01610648319679951,0.00776793472089326,0.004274894801755512,0.002676554516300327,0.0016784607543322994,0.824123666260484,6.925,0.16129611546156988,0.038836944848299026,0.17553414048704954,0.20316600073435115,0.2192202230038909,0.26649380286957447,0.28444212970419963,0.3168345825991375,0.44194011413752243,0.4930924550750611,0.4627994679126899,0.25300268761682226,0.14587601762882377,0.07330328834132033,0.06338047801985792,0.04120097530218717,0.026616201551927357,0.01327373398270929,0.006401738841454663,0.0035230419769006374,0.0022058119209194815,0.001383259230534672
13943,15598,IT-2009-0009,2009-04-06 01:32:40,CLN,00,Shallow Default,6.33,16.38,868.999685,16.0,U,6.525,0.0813305647298675,0.0257369799126457,0.0888924566768603,0.09133120145484556,0.10164378751009759,0.13225742611303712,0.18643634694388192,0.23397656866005564,0.23067841181287152,0.19341240827822567,0.2186243734711941,0.07362720207972438,0.05345781729261427,0.03814044455136346,0.03634657952356406,0.0317524579856436,0.015336275205144106,0.01030107957130622,0.012042073188859536,0.01185519677128509,0.007515193145990309,0.0038276350662589014,1.5089938671948353,6.525,0.12272732339286263,0.038836944848299026,0.13413817196526479,0.13781822287889797,0.15337985199119225,0.19957564489554708,0.2813313041605264,0.35306920717531526,0.3480923087198678,0.2918581379312261,0.3299028387873451,0.11110299639701891,0.08066751844817695,0.05755369692009213,0.05484676559456754,0.04791426436869786,0.023142345230174673,0.01554426589858709,0.018171414590300392,0.017889419222257213,0.011340380368084038,0.005775877840844579
21169,22891,IR-2004-0043,2004-05-28 12:38:43,ABY,00,Shallow Default,6.34,79.58,453.372276,8.0,U,24.785,0.0162733618756371,0.0151965418321283,0.016601529051987703,0.01654973577380578,0.016800678107913424,0.019196673912741782,0.02646679093600439,0.0331486320678313,0.03366737237212811,0.048678287629455794,0.03276794013724487,0.03497900510996234,0.03079306311670047,0.035797355218059324,0.025691328599100793,0.020437890507951556,0.013643137497677291,0.008533092594224741,0.005830143331766126,0.0028012306731787233,0.0012873965332198612,0.0007491467889907998,2.555643598215914,24.785,0.041588913098922875,0.038836944848299026,0.042427591442307885,0.04229522628249164,0.0429365454521752,0.04905985679213698,0.0676396848209186,0.08471608933376781,0.08604180467158053,0.12440435415233161,0.08374317643847215,0.089393870481237,0.07869609462365414,0.09148528169609435,0.06565787946395336,0.05223196403768419,0.03486699700551846,0.021807543461414086,0.0148997684825093,0.007158947237035259,0.0032901267084886996,0.0019145521954083457
42531,22962,IR-2004-0043,2004-05-28 12:38:43,SHY,00,Shallow Default,6.34,73.29,437.117585,8.0,V,22.515,0.0175959704383282,0.0200331629435272,0.01764770642201831,0.018003403422816273,0.018660017680643237,0.019031326108477267,0.02123764078268398,0.02686777439252579,0.03497753089800694,0.03408792638972413,0.04080649308330537,0.03331532057590142,0.041248951849081526,0.0358484965373567,0.027044329904547665,0.028459762295583266,0.024544591972064506,0.014444983229481718,0.006947183072199008,0.0039153642215941815,0.0019559704017941323,0.0007402436289500003,1.9386327040706972,22.515,0.034112123751604245,0.038836944848299026,0.034212420821563165,0.034901986660049955,0.03617492053423242,0.03689475119572854,0.04117198497861676,0.05208674612294371,0.06780858530651955,0.06608396891307378,0.07910880202973049,0.06458617001504191,0.07996656706326691,0.06949706777908485,0.05242902241263326,0.05517302593629586,0.04758294870511534,0.028003516898426017,0.013468036304931336,0.007590453128330788,0.003791908189112407,0.001435060508062445
13964,15619,IT-2009-0009,2009-04-06 01:32:40,PTF,00,Shallow Default,6.33,115.16,574.234087,16.0,U,51.445,0.0067150948012232,0.0115517363968039,0.006724464831804202,0.006742304936766297,0.00676839219452031,0.006939951143814804,0.007231523751859451,0.008020811353281638,0.009835905633790264,0.013909236278433873,0.016089910321774665,0.018747717244246617,0.023166000431703866,0.023671341297939394,0.015112932542263731,0.01915891481270011,0.011141588447277936,0.008050178902566665,0.00510042253500374,0.0025567591131723565,0.0015954402781800023,0.0011103771661569002,3.3620006130891555,51.445,0.0225761528386642,0.038836944848299026,0.022607654887222193,0.02266763333104233,0.022755338707605138,0.023332120000314156,0.024312387287320263,0.026965972687205325,0.03306832077108995,0.046762860895696604,0.05409428836635596,0.06302983686917926,0.07788410765421204,0.07958306395631488,0.05080968847266572,0.06441228334642067,0.037458027190535474,0.027064706405906514,0.01714762368969632,0.008595825706006748,0.0053638711933883,0.0037330887133796976
9566,10607,EMSC-20161026_0000095,2016-10-26 19:18:06,CTD,00,Shallow Default,5.9,52.29,407.0,20.0,U,23.59,0.0125405035677879,0.0097604925843843,0.012767482161060101,0.013037732512193255,0.013199659814552041,0.016154373034429223,0.01856181213348524,0.02291802228823595,0.03354885653563159,0.03210151091151456,0.03296753225558633,0.03462669383292448,0.026061516227691796,0.017334846087304828,0.011685367072255058,0.010492243161512519,0.006876932527205857,0.006122076771774632,0.00591262643317838,0.004090899907491878,0.0012066500500222267,0.0006237889908256001,3.9789943501861584,23.59,0.04989859284471741,0.038836944848299026,0.05080173938496071,0.05187706400525535,0.052521371826481845,0.0642781590347935,0.07385734560835466,0.0911906812023313,0.13349071061048406,0.12773173054935574,0.13117762458455795,0.1377794191268324,0.10369862582727055,0.06897525464273255,0.04649600956035425,0.04174857626043767,0.027363275672363525,0.024359708886297175,0.02352630717237811,0.01627766761908726,0.004801253731690286,0.0024820528702033883
12790,14438,IT-1980-0012,1980-11-23 18:34:53,RNR,00,Shallow Default,6.87,29.22,539.0,8.0,U,47.895,0.096048122324159,0.0718417044710609,0.10391437308868497,0.10877697956333932,0.11796580666357004,0.1679617246183262,0.22112772077914158,0.24699766323418107,0.2655981280872526,0.3337252861944202,0.24406244937693441,0.20448825286742064,0.2068144050178389,0.15284946686115256,0.14078238966898288,0.10945902817639347,0.07037257853769695,0.03280418843805189,0.02158943829543768,0.01406380257454177,0.008112257705598796,0.007252701325178301,0.540590526550539,47.895,0.051922705021407695,0.038836944848299026,0.05617512566418136,0.058803804658722814,0.06377119753921841,0.09079851715175759,0.1195395510109167,0.13352459682451864,0.14357983191352536,0.18040872818707093,0.13193784801989122,0.11054441229099869,0.11180190810682997,0.08262897377343961,0.07610562616019861,0.05917251367758682,0.03804274928641275,0.017733633500789575,0.011671045816061026,0.007602758439074361,0.0043854096645833205,0.00392074162829193
24927,3865,EMSC-20140524_0000026,2014-05-24 09:25:01,LIA,00,Shallow Default,6.8,39.54,473.902178,20.0,V,30.395,0.0728737043832823,0.0240412163216152,0.07738970438328228,0.09219014717736818,0.13358238170610104,0.1285488987850347,0.13774291318324916,0.15540381982295318,0.14021430793560194,0.16038530384815322,0.14424919967842892,0.10128105905558438,0.11570101043887726,0.09491604894435161,0.0623206948773395,0.031740663826349096,0.0146759099232103,0.007701049076330487,0.005016964354335164,0.0030671649006900094,0.002923931772342093,0.001885769622833799,1.6154317788564276,30.395,0.11772249790374319,0.038836944848299026,0.12501778781705877,0.14892689344777174,0.2157932245033651,0.20766197623434346,0.22251427926848266,0.251044269097677,0.22650664888953237,0.2590915166978508,0.23302474123514047,0.16361264139462556,0.1869070891087616,0.15333040178819768,0.1006748309852692,0.051274877027082985,0.023707931273588313,0.012440519408437207,0.008104563651382943,0.00495479565156766,0.0047234123042494145,0.003046332176327819
10292,11338,EMSC-20161030_0000029,2016-10-30 06:40:18,CSC,00,Shallow Default,6.5,12.84,698.0,20.0,U,9.14,0.1685142089704383,0.079128492438295,0.18050968399592252,0.18129038571801306,0.22665249095889603,0.3263277259722133,0.33551869942632023,0.34188417745042593,0.427466757903196,0.35829074177745474,0.34425659324677854,0.3657455620890399,0.26211677716150283,0.14775351784052002,0.11550946455852006,0.07379228439784019,0.051234765721213715,0.04349935737212898,0.03622744948384597,0.031029428361811922,0.01622172199246243,0.008860693170234404,0.49080860321690534,9.14,0.08270822352698252,0.038836944848299026,0.0885957058691637,0.088978880990912,0.11124299250316802,0.16016445537537105,0.16467546421858492,0.16779969559640415,0.20980436236812666,0.17585217851734147,0.1689640976796617,0.17951106846170362,0.12864916927835404,0.07251869771168973,0.05669303895829986,0.036217888033488584,0.025146463799774286,0.02134985883264762,0.01778074387927744,0.015229510392879937,0.00796176071289344,0.00434890443841632
10320,11366,EMSC-20161030_0000029,2016-10-30 06:40:18,MCR,00,Shallow Default,6.5,110.33,611.096989,8.0,U,34.4,0.0149670081549439,0.0098896776209349,0.015184097859327205,0.015421002595895152,0.016066049990551022,0.016944802930615885,0.02039894933481985,0.033956722569202076,0.06642833731826939,0.04016296167301028,0.043609792876914126,0.028643823785553673,0.0249541353826434,0.018987042071479623,0.014237338005636266,0.009373341891558438,0.006629284091258544,0.006394809618637078,0.0030392748191323433,0.002389690075713578,0.001636003144985012,0.0006415474006115999,3.927018284811154,34.4,0.05877571469338235,0.038836944848299026,0.05962822993193984,0.06055855916420053,0.06309167207758393,0.06654255094105022,0.08010704702877387,0.13334867042151613,0.26086529527844704,0.15772068486208096,0.17125645402446898,0.11248481975277792,0.09799534592929361,0.07456246138917913,0.05591028667517039,0.036809284997936356,0.02603331984158,0.025112534300274048,0.011935287787298826,0.009384356622358972,0.006424614264364696,0.0025193683727748194
35242,15605,IT-2009-0009,2009-04-06 01:32:40,FMG,00,Shallow Default,6.33,19.26,790.0,8.0,V,22.95,0.0268336065239551,0.0166191120606973,0.027091845056065204,0.028764317466445238,0.031284949986230506,0.03872960678500402,0.04328630987312123,0.04500132860122367,0.04922084637600933,0.05786887480623372,0.054974204155434976,0.05683743552697686,0.04772686920362743,0.04338401084596165,0.0284209822217163,0.020465714942555665,0.01361802494461556,0.007594160791316385,0.0042549663735413626,0.0027843950055698365,0.0014862379122051708,0.0007430224260958002,2.3368844681025345,22.95,0.06270703830900551,0.038836944848299026,0.06331051192375921,0.06721888672290632,0.07310931370818667,0.09050661655159443,0.10115510522397039,0.10516290585217794,0.11502343140295714,0.13523287472125764,0.1284683638371338,0.1328225202897714,0.11153217935311813,0.10138342110991967,0.06641655192214709,0.047826011377872284,0.03182375097930498,0.017746676401500513,0.009943364830627377,0.006506809441578421,0.003473166292937402,0.0017363575669951388
21158,22880,IR-2004-0043,2004-05-28 12:38:43,A6250,00,Shallow Default,6.34,54.91,460.859479,8.0,U,26.8,0.0226975096839959,0.0115781562754357,0.0231941896024464,0.023991650191421885,0.02612328588010144,0.03424341718983687,0.041333799890605157,0.04807481991323517,0.05792374631737302,0.04905580475085921,0.04297981796772479,0.03203748844019081,0.029577125588937585,0.02792692942904531,0.01808510098519689,0.015569654463613946,0.010000347883847903,0.00481035650492213,0.0031954998974512527,0.002780825282369325,0.001571222773656083,0.0006475586136594999,3.3543289556987386,26.8,0.07613491395527996,0.038836944848299026,0.07780094178745257,0.08047588693208162,0.08762609424562026,0.11486368582194173,0.13864716182211423,0.16125876047496707,0.1942952994949125,0.1645493063209108,0.14416844791980019,0.10746427514279565,0.09921140878931145,0.09367610802760193,0.06066337790138171,0.05222574279752437,0.033544456473851625,0.016135518111694083,0.010718757833953086,0.00932780276539055,0.005270398045527884,0.002172124608310193
1690,1770,EMSC-20130108_0000044,2013-01-08 14:16:09,GOKC,00,Shallow Default,5.8,63.26,789.546535,20.0,U,16.345,0.1278839622833843,0.0527581292145994,0.1337726809378185,0.14146670143597462,0.15854906659241405,0.18369277865688732,0.30613981290754355,0.413650685332014,0.30846220796966656,0.27419776812255425,0.2206075893970968,0.20771907553159366,0.17813815814613165,0.16471662767175374,0.10118099288643712,0.07453627029599416,0.03459328387001445,0.028701701772408574,0.009618161441766577,0.006458824073319773,0.002960565148463241,0.0021566156982670004,0.7361319558986928,16.345,0.09413947128374235,0.038836944848299026,0.09847434526456811,0.10413815962260041,0.11671303449658585,0.1352221244371601,0.22535929925408993,0.3045014880522902,0.22706888847354,0.2018457393511121,0.16239629626898058,0.15290864934854034,0.13113319077630256,0.12125317329704484,0.07448256219326468,0.05486853043838382,0.025465221716192442,0.021128239863344105,0.007080235994277022,0.004754546797898447,0.0021793666133037497,0.0015875537320871123
