group,N_obs,min,max,mean,median,variance,std,2.5pc,5pc,16pc,84pc,95pc,97.5pc,skewness,kurtosis
group_3s_00,1000.0,0.1222658621962187,0.3413222664454951,0.20353562042563017,0.20027403221624623,0.000806943608460391,0.028420966905089825,0.15346278451369905,0.16294621426021486,0.17608834255853317,0.23147851588865231,0.25251861517199303,0.2621467814605803,0.4690325085380301,0.718079277326285
group_3s_01,1000.0,0.07416865543935315,0.3043520644737873,0.157894638726976,0.15555111974920544,0.000955190769924378,0.03092162539132151,0.10051934336733376,0.10935541716307016,0.13005136724737346,0.18463427644823455,0.21425274653476717,0.22530052029847847,0.514157369058312,1.0420235528858068
group_3s_02,1000.0,0.09673569576817936,0.296763488673605,0.18005408467074568,0.17739092535812212,0.000944526418388766,0.030748526635906395,0.12686053750949283,0.13592065438423978,0.15104016899361328,0.2096529924468343,0.23388981541908285,0.24817220551102664,0.4979145536943007,0.4960773731103587
group_3s_03,1000.0,0.06725984617305866,0.3224420394287878,0.16813172292601233,0.16387625569753173,0.0015251482797876406,0.03907268809209808,0.1043919132575689,0.1114327870121582,0.13068736142902032,0.20419367028476398,0.2395273893256667,0.25777051697685327,0.6783004633384692,0.8428049732364844
group_3s_04,1000.0,0.10241455939183691,0.3227908339264105,0.17415128700012444,0.17082142494881053,0.0008507427653362894,0.029182089707489856,0.1256231361871411,0.13295258736524243,0.1455858734493785,0.20107576997318594,0.2268260612293253,0.24017392732231735,0.7418145437631726,1.2316252144549775
group_3s_05,1000.0,0.09807412460068052,0.5324241715845711,0.2030286209305807,0.19808721038880292,0.0019926195883429175,0.044661103910958844,0.12773667759760243,0.13676255432144196,0.16329602979125343,0.24509671519457668,0.27610814398015354,0.29676105932302366,1.0726481204282134,4.088243784052188
group_3s_06,1000.0,0.09952819830936377,0.547735383352538,0.2156141000776536,0.2103870542780621,0.002195575189736651,0.04688041128978446,0.13949176258082369,0.14712304035524867,0.17334722796029234,0.2602640265971684,0.2934107027026161,0.31602687483439534,1.0435206366740661,3.5514861050147974
group_3s_07,1000.0,0.09602374800946639,0.5355089195256322,0.20358842694859675,0.19889027637204598,0.0020102947267841183,0.044858745343778136,0.12793589703349925,0.13636030105016295,0.1634771988283324,0.24521749013709843,0.27692470647347406,0.2983264856033984,1.0697343836073017,4.106020332113325
group_3s_08,1000.0,0.08567506348807108,0.3207280161487872,0.17292585598136087,0.1669650128482682,0.001131424432935801,0.03365348406815744,0.1168750251342487,0.12406918241891256,0.14206122730079188,0.2036341157373792,0.235127158866188,0.25216921500929795,0.792404164610586,1.2302970412277396
group_3s_09,1000.0,0.10773578927728562,0.31156310930946185,0.18508994647281188,0.18394088714980084,0.0006683236076132649,0.02586489126622183,0.1384738352753988,0.14440941008003363,0.1598497853273015,0.21111783660746525,0.22649281893307657,0.23595550909618285,0.40889370627436317,0.708715588802149
group_3s_10,1000.0,0.13369591443744844,0.459190160540474,0.24660431149610001,0.24449948722320172,0.001388777594571501,0.03728495356486092,0.17979390788827945,0.188963933101246,0.21141949781817307,0.2814619043199339,0.3085043782217283,0.3216790383733438,0.48055122472325845,1.400961377348814
group_3s_11,1000.0,0.08848445855081108,0.3540843630954619,0.18296226949887273,0.1811753568003772,0.0014626634667584551,0.03826392026900547,0.11842598887294327,0.12643713955767472,0.14635616880668614,0.2192447774810718,0.24906302601176136,0.2642950566512154,0.5826175197259355,0.856090070489258
group_3s_12,1000.0,0.0969670046590004,0.34238505930436086,0.17833670074558355,0.1736367055563025,0.0011858570135800425,0.03445350573798957,0.1206444009524182,0.1291726537130896,0.14572333487361966,0.21210938048913555,0.242799501041913,0.25450167635539006,0.6265831439859203,0.588957032039235
group_3s_13,1000.0,0.07946322699164282,0.28229192055025765,0.1698843088159481,0.16848463187121565,0.0009911518944909824,0.031498318026991726,0.11499074037174874,0.12065415023203681,0.13942055208000112,0.19848579245116185,0.22476603623529753,0.237098761069676,0.4682137531929098,0.5067196742742559
group_3s_14,1000.0,0.14524734772258666,0.48214153409004235,0.23837011109675812,0.23326824310611305,0.0018043524432128856,0.04249892471362894,0.1724639412638131,0.17991997829889975,0.19923682338319532,0.27763847012721465,0.3098994543850134,0.32755362021730994,1.1145959114911272,3.282783660903986
group_3s_15,1000.0,0.11804122740402836,0.4996932786330576,0.26257897130489866,0.25932099355850424,0.0032756224006343666,0.057261691399541306,0.16025108779627084,0.1747646116561537,0.2083775207735599,0.320266256130478,0.3647904203533617,0.38044259500119376,0.4295621197009777,0.4192664208390289
group_3s_16,1000.0,0.12270292250393547,0.3731098033044324,0.21906069031823194,0.21828728123389776,0.0008442622773316366,0.029070730722091473,0.16309361415153417,0.17256383044504386,0.19098703055130353,0.24748473302302176,0.26416014082861866,0.2738600073764113,0.16484088167240163,0.8658555801665315
group_3s_17,1000.0,0.1288102892048492,0.46155960895121095,0.23865414500993848,0.23214612893782055,0.00252489315234019,0.05027345793669959,0.15644736753735128,0.16864927240476993,0.19096285840827099,0.2869220563239653,0.32706541685501445,0.3580125533947119,0.8338318714272943,1.2267304369067178
group_3s_18,1000.0,0.14581226016271118,0.4769245049073652,0.2634773559058998,0.25994526625098824,0.002284989164892995,0.04782547899743743,0.18921758854807172,0.19649085074970593,0.2171780212718557,0.30850621741909967,0.3468793324793366,0.37626869592571144,0.7494992237740418,1.0610219328904948
group_3s_19,1000.0,0.10570784842082079,0.4650345215015108,0.2264062049162722,0.22129578267050953,0.0023092878041157186,0.0480790952859893,0.15056156256607442,0.16013366370521886,0.17842554617338507,0.27368819760436336,0.30929453413952773,0.3394721678291681,0.7802228279572914,1.3248061494886612
group_3s_20,1000.0,0.1166314696997304,0.4014051638008096,0.21286619789220884,0.20875703573886345,0.001638239749454561,0.04049542726140378,0.1458967321872209,0.15451595431369863,0.17273170199878427,0.25177556061855333,0.28482449130219484,0.29968871040902795,0.6127411471612829,0.6435664871357294
group_3s_21,1000.0,0.1166314696997304,0.4014051638008096,0.21286619789220884,0.20875703573886345,0.001638239749454561,0.04049542726140378,0.1458967321872209,0.15451595431369863,0.17273170199878427,0.25177556061855333,0.28482449130219484,0.29968871040902795,0.6127411471612829,0.6435664871357294
group_3s_22,1000.0,0.1376192729155764,0.690060684526153,0.2780247043886842,0.27248489859513947,0.004013528867261889,0.0633841179924085,0.17934682871713192,0.1898287470733922,0.21685603417456167,0.33415409598569307,0.38720160015977984,0.4231756822230409,0.9739982142065795,2.4250207801986967
group_3s_23,1000.0,0.0872635070979598,0.3494785827887239,0.18078825660244224,0.17909192571663898,0.0014242144086196618,0.0377576488763314,0.11710826744215622,0.12489617412758548,0.1450059296965249,0.21656090602278721,0.24609973212206387,0.2610110612152421,0.5827623354506372,0.8614102034159021
group_3s_24,1000.0,0.10801168426548004,0.45269517996843206,0.22804739937402388,0.223877240338251,0.002317237375874014,0.04816177875459773,0.14476897541346234,0.15641740974862475,0.1835532152187429,0.27238509846598,0.31179590901779025,0.33582223887091117,0.6845615722977318,1.1774295442437905
