site,N_obs,bias,se_est,mcse,raw_rel,jensen,bias/se,bias/mcse,bias_corrected,bias/se_corrected,bias_corrected/mcse
0,1000.0,-0.008860929993786737,0.16301337443422295,0.005154935522820064,0.004624170059105646,-0.013286680122216085,0.0543570736115409,1.7189215955390393,0.0,0.0,0.0
1,1000.0,-0.01605247282159583,0.15289730604642865,0.00483503735210549,-0.004327941393637285,-0.011688793098127634,0.10498859160227031,3.320030777964009,0.0,0.0,0.0
2,1000.0,-0.0068572051409387935,0.1525034221043012,0.004822581648196603,0.00480127251957158,-0.011628646876761333,0.04496427061321264,1.4218950846592788,0.0,0.0,0.0
3,1000.0,-0.011188795390155049,0.13888194429287354,0.004391832698381034,-0.0015966543004349713,-0.009644097225284413,0.08056335506478923,2.54763697949596,0.0,0.0,0.0
4,1000.0,0.00970553600838775,0.20284784207484022,0.0064146119940663065,0.03140243472019754,-0.02057362351720966,0.047846385296063026,1.5130355534154893,0.0,0.0,0.0
5,1000.0,-0.008293965035607531,0.1658782610855275,0.005245531193383415,0.005666615942504151,-0.013757798750379212,0.050000313370364605,1.581148739725223,0.0,0.0,0.0
6,1000.0,-0.001328847191818916,0.16856916732194901,0.00533062512015385,0.013098380372060093,-0.014207782085807622,0.00788309756125781,0.24928543310893403,0.0,0.0,0.0
7,1000.0,0.06737450409986456,0.12914499576128183,0.004083923350184416,0.07853544234834677,-0.008339214965090751,0.5216965915148816,16.497494767334985,0.0,0.0,0.0
8,1000.0,-0.01427893073575448,0.16844951508314732,0.005326841384136333,-0.00021330446325265457,-0.014187619565873737,0.08476682600544351,2.68056240200394,0.0,0.0,0.0
9,1000.0,-0.007837667636121592,0.1344979703908268,0.0042531992710489975,0.001246004194610242,-0.009044852019625864,0.05827350117884118,1.842769909576452,0.0,0.0,0.0
10,1000.0,-0.007707353863684263,0.16326823973237503,0.00516299507120705,0.005491332654865617,-0.013328259052654142,0.0472066941881529,1.4928067444159638,0.0,0.0,0.0
11,1000.0,-0.007290662028334838,0.15278007197646876,0.004831330085301042,0.004358346457189631,-0.011670875196567485,0.04771998032215712,1.5090382771643212,0.0,0.0,0.0
12,1000.0,0.01700188743531017,0.1159314793134441,0.0036660752714317685,0.024080884799121783,-0.006720053947901757,0.14665462336887933,4.637626392398147,0.0,0.0,0.0
13,1000.0,-0.006917867186278404,0.13782803904305593,0.00435850528810671,0.002618009827179758,-0.009498284173227074,0.050192016329256045,1.587210919568129,0.0,0.0,0.0
14,1000.0,-0.013624198952454813,0.14586628744604516,0.004612697021623279,-0.002925459388573316,-0.010638486906646134,0.09340197238854318,2.953629706999539,0.0,0.0,0.0
15,1000.0,0.009872278480152374,0.10842168618929668,0.003428594761141994,0.01586900234989746,-0.005877631018065163,0.09105446361455832,2.879394961469323,0.0,0.0,0.0
16,1000.0,-0.012625204986110194,0.1430280840411777,0.004522945149401017,-0.002376446010120976,-0.010228516412245094,0.08827081108403442,2.791368139359854,0.0,0.0,0.0
17,1000.0,0.01770677899318973,0.11647979885125409,0.0036834146576822727,0.02482200135711099,-0.0067837717702143065,0.1520158788718503,4.807164177473146,0.0,0.0,0.0
18,1000.0,-0.010203218033161043,0.18697129332149592,0.005912551439633559,0.007281570221741704,-0.017479132263156432,0.054571040569402686,1.7256878248476442,0.0,0.0,0.0
19,1000.0,0.010475651675008413,0.22675507472456768,0.007170625071313119,0.038303008666428405,-0.025708931956672135,0.04619809143293865,1.4609119248079807,0.0,0.0,0.0
20,1000.0,-0.011839194769643235,0.1461537777015748,0.004621788261749055,-0.00113506191916092,-0.010680463368220674,0.08100505478426417,2.5616047510499427,0.0,0.0,0.0
21,1000.0,-0.02484531002705226,0.1667680472872978,0.005273668703665258,-0.010884376655442627,-0.013905790798009196,0.14898123730051402,4.711200384996595,0.0,0.0,0.0
22,1000.0,-0.016208206168745853,0.15487450001777345,0.004897561715359522,-0.004247670603286207,-0.011993055377877654,0.10465380786950591,3.309443986772923,0.0,0.0,0.0
23,1000.0,0.02903594304342394,0.12169385796235115,0.0038482976841404688,0.037148036671476134,-0.007404697532880448,0.23859826230841405,7.545139546528928,0.0,0.0,0.0
24,1000.0,-0.005370702543258776,0.1945630191089426,0.006152622888231227,0.014158965597035243,-0.018927384202393385,0.027603922717973104,0.8729126814406076,0.0,0.0,0.0
25,1000.0,-0.006663517517962347,0.14553612058487359,0.004602256228731172,0.003941665277931156,-0.010590381197447433,0.04578600481573456,1.4478806017715922,0.0,0.0,0.0
26,1000.0,-0.006157344262492925,0.1298681773826641,0.004106792361039831,0.002332702523605169,-0.008432871748347552,0.04741226362444399,1.4993074207759312,0.0,0.0,0.0
27,1000.0,0.027263553921294426,0.1506525998878562,0.00476405351071653,0.03943684445145859,-0.011348102926485245,0.18096968749021958,5.722763999179744,0.0,0.0,0.0
28,1000.0,-0.015228156356849265,0.16508070809054473,0.00522031035319507,-0.0016164331503565493,-0.013625820091837822,0.0922467351454345,2.9170978977387683,0.0,0.0,0.0
29,1000.0,-0.014996027685857838,0.13169381614272596,0.004164524127704642,-0.00626746536419041,-0.008671630605117055,0.11387040124652152,3.6008982601628454,0.0,0.0,0.0
30,1000.0,-0.013725180541910076,0.13288501213461063,0.004202193052444832,-0.004866051025471073,-0.008829213225007806,0.10328614432458841,3.2661946680257294,0.0,0.0,0.0
31,1000.0,-0.021086245701920303,0.14574697913948578,0.004608924161698227,-0.0103600238868048,-0.01062109096414285,0.14467706861862234,4.575090620313171,0.0,0.0,0.0
32,1000.0,0.018283870979314942,0.14877019438709632,0.004704526622092219,0.029761160988583224,-0.011066285368987213,0.1229000947040559,3.886442239152141,0.0,0.0,0.0
33,1000.0,-0.003601271418534946,0.153356046414711,0.0048495439962898575,0.008290987106144782,-0.0117590384859755,0.02348307421017008,0.7426000096689704,0.0,0.0,0.0
34,1000.0,0.026884157464731162,0.14129957011083857,0.004468284739529005,0.03756205108075051,-0.009982784256753892,0.19026354746615734,6.0166616569661535,0.0,0.0,0.0
35,1000.0,-0.007138089366989453,0.1522563831546627,0.00481476959068027,0.004418732248285502,-0.011591003105669729,0.04688203685843864,1.4825401782063106,0.0,0.0,0.0
36,1000.0,-0.005922070543333158,0.14378697027086393,0.004546943239108479,0.004393829448513789,-0.010337346409837153,0.041186419966824823,1.3024289576340302,0.0,0.0,0.0
37,1000.0,-0.008342066704509099,0.13318514355228406,0.004211684041217066,0.0005282015182852935,-0.008869141231521256,0.06263511441299968,1.9806962305031937,0.0,0.0,0.0
38,1000.0,-0.005925010973744538,0.15516393153879635,0.004906714343690315,0.006179830815808852,-0.012037922825288141,0.03818549140244671,1.2075312640450895,0.0,0.0,0.0
39,1000.0,-0.011365399997218306,0.1541178780705448,0.00487363522855038,0.0004913899339019679,-0.011876160170483657,0.07374485127556707,2.3320169574116534,0.0,0.0,0.0
40,1000.0,-0.006903786400842771,0.15700164210454381,0.004964827854369501,0.005550306047673313,-0.012324757811761634,0.043972701866683006,1.3905389277025606,0.0,0.0,0.0
41,1000.0,-0.012516014217508253,0.17958144559359782,0.0056788639358137764,0.00366415255720292,-0.016124747800743165,0.06969547536571594,2.203964447638191,0.0,0.0,0.0
42,1000.0,0.03391534957130027,0.13850739419463298,0.0043799883842982335,0.04441098662694447,-0.009592149123293724,0.24486309751551483,7.743251030729439,0.0,0.0,0.0
43,1000.0,-0.01638691386848956,0.1446542953822404,0.004574370467346568,-0.005892938513576963,-0.010462432586266229,0.11328328567906064,3.582332035733659,0.0,0.0,0.0
44,1000.0,-0.020257697752675163,0.13438919563450008,0.004249759511229775,-0.011284725651016816,-0.009030227951643969,0.15073903565707966,4.766786849737078,0.0,0.0,0.0
45,1000.0,-0.01490658055380778,0.18882181634295217,0.005971070115737343,0.002913046404243272,-0.01782683916352578,0.07894522382272472,2.4964671767159494,0.0,0.0,0.0
46,1000.0,-0.016933445006962478,0.16867436456606832,0.005333951749103748,-0.0027000286275831718,-0.014225520630883462,0.10039133718111498,3.1746528284227105,0.0,0.0,0.0
47,1000.0,-0.02261506629174992,0.16899568321106773,0.005344112736832519,-0.00848550898924784,-0.01427977047198778,0.13382037849750728,4.231771933979442,0.0,0.0,0.0
48,1000.0,-0.0068049748025045265,0.1905416818016653,0.00602545703692318,0.011733543313715768,-0.01815306625190354,0.035713838243475876,1.1293707283621088,0.0,0.0,0.0
49,1000.0,-0.019318402431053316,0.1324937489803671,0.004189820225125719,-0.01051100855499547,-0.00877729675943626,0.14580614240084577,4.61079506829524,0.0,0.0,0.0
50,1000.0,-0.002669991000797678,0.17112946176967594,0.00541158873950885,0.012229508451465466,-0.01464264634278949,0.015602170270314021,0.4933839449595727,0.0,0.0,0.0
51,1000.0,-0.016812391563383322,0.16224102109810787,0.005130511565814532,-0.0038234788918576302,-0.01316107446347834,0.10362602164107926,3.2769425324770993,0.0,0.0,0.0
52,1000.0,-0.0030786681845136332,0.14948805238700627,0.004727227285255103,0.008275849378865677,-0.011173338903230167,0.020594744097296405,0.6512629917576502,0.0,0.0,0.0
53,1000.0,0.013028725391688312,0.12232410176793576,0.003868227743209066,0.02071200117406473,-0.007481592936666153,0.10650987992869505,3.368138138857288,0.0,0.0,0.0
54,1000.0,0.013583606060674436,0.11619513100108693,0.003674412669850755,0.02053230738023883,-0.006750654234179876,0.1169034015766751,3.6968101520361256,0.0,0.0,0.0
55,1000.0,0.04556401014155442,0.1815717787970586,0.00574180379806973,0.06387159280446987,-0.01648415542776399,0.2509421367319476,7.935487129823567,0.0,0.0,0.0
56,1000.0,-0.0217316106877814,0.17180840138081663,0.005433058695157986,-0.006764542774442416,-0.014759063392515896,0.12648747391353038,3.9998851304788774,0.0,0.0,0.0
57,1000.0,-0.02060060588498791,0.1428385787460334,0.004516952465787833,-0.010391043637796244,-0.010201429789093393,0.14422298279525542,4.560731165762847,0.0,0.0,0.0
58,1000.0,-0.019372284170251497,0.14398367216719843,0.004553163499233392,-0.009054189605902905,-0.010365648925375635,0.13454500693492372,4.25468669717509,0.0,0.0,0.0
59,1000.0,-0.010995482100004672,0.12721274039815736,0.004022820070498925,-0.0028776076805110606,-0.008091540659804488,0.08643381209767523,2.733277130796698,0.0,0.0,0.0
