storeys,site,tag,group_id,fingerprint,representative_site,representative_tag,is_representative,n_sites_in_group
3,0,3s_cbf_dc2_site0,0,26435b8268ee6bbf,0,3s_cbf_dc2_site0,True,8
3,1,3s_cbf_dc2_site1,1,f401ac831c94d559,1,3s_cbf_dc2_site1,True,6
3,2,3s_cbf_dc2_site2,1,f401ac831c94d559,1,3s_cbf_dc2_site1,False,6
3,3,3s_cbf_dc2_site3,2,84d5e0674089226d,3,3s_cbf_dc2_site3,True,1
3,4,3s_cbf_dc2_site4,0,26435b8268ee6bbf,0,3s_cbf_dc2_site0,False,8
3,5,3s_cbf_dc2_site5,1,f401ac831c94d559,1,3s_cbf_dc2_site1,False,6
3,6,3s_cbf_dc2_site6,1,f401ac831c94d559,1,3s_cbf_dc2_site1,False,6
3,7,3s_cbf_dc2_site7,3,264a066dac41a903,7,3s_cbf_dc2_site7,True,5
3,8,3s_cbf_dc2_site8,0,26435b8268ee6bbf,0,3s_cbf_dc2_site0,False,8
3,9,3s_cbf_dc2_site9,4,7ebd08cb5f289c87,9,3s_cbf_dc2_site9,True,3
3,10,3s_cbf_dc2_site10,3,264a066dac41a903,7,3s_cbf_dc2_site7,False,5
3,11,3s_cbf_dc2_site11,3,264a066dac41a903,7,3s_cbf_dc2_site7,False,5
3,12,3s_cbf_dc2_site12,5,aa8681c1adee3209,12,3s_cbf_dc2_site12,True,1
3,13,3s_cbf_dc2_site13,6,e01d851d6206c032,13,3s_cbf_dc2_site13,True,2
3,14,3s_cbf_dc2_site14,7,62957e1dcb327688,14,3s_cbf_dc2_site14,True,1
3,15,3s_cbf_dc2_site15,8,5799d88e9d6c6619,15,3s_cbf_dc2_site15,True,1
3,16,3s_cbf_dc2_site16,1,f401ac831c94d559,1,3s_cbf_dc2_site1,False,6
3,17,3s_cbf_dc2_site17,9,7beba18db9802c84,17,3s_cbf_dc2_site17,True,2
3,18,3s_cbf_dc2_site18,3,264a066dac41a903,7,3s_cbf_dc2_site7,False,5
3,19,3s_cbf_dc2_site19,0,26435b8268ee6bbf,0,3s_cbf_dc2_site0,False,8
3,20,3s_cbf_dc2_site20,4,7ebd08cb5f289c87,9,3s_cbf_dc2_site9,False,3
3,21,3s_cbf_dc2_site21,9,7beba18db9802c84,17,3s_cbf_dc2_site17,False,2
3,22,3s_cbf_dc2_site22,4,7ebd08cb5f289c87,9,3s_cbf_dc2_site9,False,3
3,23,3s_cbf_dc2_site23,1,f401ac831c94d559,1,3s_cbf_dc2_site1,False,6
3,24,3s_cbf_dc2_site24,3,264a066dac41a903,7,3s_cbf_dc2_site7,False,5
3,25,3s_cbf_dc2_site25,0,26435b8268ee6bbf,0,3s_cbf_dc2_site0,False,8
3,26,3s_cbf_dc2_site26,0,26435b8268ee6bbf,0,3s_cbf_dc2_site0,False,8
3,27,3s_cbf_dc2_site27,0,26435b8268ee6bbf,0,3s_cbf_dc2_site0,False,8
3,28,3s_cbf_dc2_site28,6,e01d851d6206c032,13,3s_cbf_dc2_site13,False,2
3,29,3s_cbf_dc2_site29,0,26435b8268ee6bbf,0,3s_cbf_dc2_site0,False,8
3,30,3s_cbf_dc2_site30,10,2c77f9f840beb2c7,30,3s_cbf_dc2_site30,True,1
3,31,3s_cbf_dc2_site31,11,941758a6f04c3a7e,31,3s_cbf_dc2_site31,True,4
3,32,3s_cbf_dc2_site32,12,f9dfcfedfcd1041a,32,3s_cbf_dc2_site32,True,4
3,33,3s_cbf_dc2_site33,12,f9dfcfedfcd1041a,32,3s_cbf_dc2_site32,False,4
3,34,3s_cbf_dc2_site34,11,941758a6f04c3a7e,31,3s_cbf_dc2_site31,False,4
3,35,3s_cbf_dc2_site35,13,970e0badb461307e,35,3s_cbf_dc2_site35,True,3
3,36,3s_cbf_dc2_site36,12,f9dfcfedfcd1041a,32,3s_cbf_dc2_site32,False,4
3,37,3s_cbf_dc2_site37,14,68d62915d5d2d263,37,3s_cbf_dc2_site37,True,1
3,38,3s_cbf_dc2_site38,15,dcc68e49b636a521,38,3s_cbf_dc2_site38,True,1
3,39,3s_cbf_dc2_site39,13,970e0badb461307e,35,3s_cbf_dc2_site35,False,3
3,40,3s_cbf_dc2_site40,16,de37c0e44d0cf729,40,3s_cbf_dc2_site40,True,1
3,41,3s_cbf_dc2_site41,17,a5a9d6a15c0525ea,41,3s_cbf_dc2_site41,True,3
3,42,3s_cbf_dc2_site42,18,de9b59cf9c4d158d,42,3s_cbf_dc2_site42,True,2
3,43,3s_cbf_dc2_site43,11,941758a6f04c3a7e,31,3s_cbf_dc2_site31,False,4
3,44,3s_cbf_dc2_site44,19,3bb83e364f1a8102,44,3s_cbf_dc2_site44,True,3
3,45,3s_cbf_dc2_site45,20,657b978bd3bd3e6c,45,3s_cbf_dc2_site45,True,2
3,46,3s_cbf_dc2_site46,19,3bb83e364f1a8102,44,3s_cbf_dc2_site44,False,3
3,47,3s_cbf_dc2_site47,21,7daeb08f9e684203,47,3s_cbf_dc2_site47,True,1
3,48,3s_cbf_dc2_site48,22,522d28f1b4590dbf,48,3s_cbf_dc2_site48,True,2
3,49,3s_cbf_dc2_site49,19,3bb83e364f1a8102,44,3s_cbf_dc2_site44,False,3
3,50,3s_cbf_dc2_site50,12,f9dfcfedfcd1041a,32,3s_cbf_dc2_site32,False,4
3,51,3s_cbf_dc2_site51,22,522d28f1b4590dbf,48,3s_cbf_dc2_site48,False,2
3,52,3s_cbf_dc2_site52,20,657b978bd3bd3e6c,45,3s_cbf_dc2_site45,False,2
3,53,3s_cbf_dc2_site53,23,c12ab2b0af2d4fab,53,3s_cbf_dc2_site53,True,1
3,54,3s_cbf_dc2_site54,17,a5a9d6a15c0525ea,41,3s_cbf_dc2_site41,False,3
3,55,3s_cbf_dc2_site55,24,89d8e790e0da04f8,55,3s_cbf_dc2_site55,True,1
3,56,3s_cbf_dc2_site56,18,de9b59cf9c4d158d,42,3s_cbf_dc2_site42,False,2
3,57,3s_cbf_dc2_site57,17,a5a9d6a15c0525ea,41,3s_cbf_dc2_site41,False,3
3,58,3s_cbf_dc2_site58,13,970e0badb461307e,35,3s_cbf_dc2_site35,False,3
3,59,3s_cbf_dc2_site59,11,941758a6f04c3a7e,31,3s_cbf_dc2_site31,False,4
5,0,5s_cbf_dc2_site0,0,75a54b2a188243a0,0,5s_cbf_dc2_site0,True,21
5,1,5s_cbf_dc2_site1,0,75a54b2a188243a0,0,5s_cbf_dc2_site0,False,21
5,2,5s_cbf_dc2_site2,0,75a54b2a188243a0,0,5s_cbf_dc2_site0,False,21
5,3,5s_cbf_dc2_site3,0,75a54b2a188243a0,0,5s_cbf_dc2_site0,False,21
5,4,5s_cbf_dc2_site4,0,75a54b2a188243a0,0,5s_cbf_dc2_site0,False,21
5,5,5s_cbf_dc2_site5,0,75a54b2a188243a0,0,5s_cbf_dc2_site0,False,21
5,6,5s_cbf_dc2_site6,0,75a54b2a188243a0,0,5s_cbf_dc2_site0,False,21
5,7,5s_cbf_dc2_site7,1,c0b8440118b8921f,7,5s_cbf_dc2_site7,True,1
5,8,5s_cbf_dc2_site8,0,75a54b2a188243a0,0,5s_cbf_dc2_site0,False,21
5,9,5s_cbf_dc2_site9,0,75a54b2a188243a0,0,5s_cbf_dc2_site0,False,21
5,10,5s_cbf_dc2_site10,2,339214fd1822bf3b,10,5s_cbf_dc2_site10,True,3
5,11,5s_cbf_dc2_site11,3,c009436eb7856366,11,5s_cbf_dc2_site11,True,1
5,12,5s_cbf_dc2_site12,0,75a54b2a188243a0,0,5s_cbf_dc2_site0,False,21
5,13,5s_cbf_dc2_site13,0,75a54b2a188243a0,0,5s_cbf_dc2_site0,False,21
5,14,5s_cbf_dc2_site14,0,75a54b2a188243a0,0,5s_cbf_dc2_site0,False,21
5,15,5s_cbf_dc2_site15,0,75a54b2a188243a0,0,5s_cbf_dc2_site0,False,21
5,16,5s_cbf_dc2_site16,0,75a54b2a188243a0,0,5s_cbf_dc2_site0,False,21
5,17,5s_cbf_dc2_site17,4,d5c2e89e23af0a72,17,5s_cbf_dc2_site17,True,1
5,18,5s_cbf_dc2_site18,2,339214fd1822bf3b,10,5s_cbf_dc2_site10,False,3
5,19,5s_cbf_dc2_site19,0,75a54b2a188243a0,0,5s_cbf_dc2_site0,False,21
5,20,5s_cbf_dc2_site20,0,75a54b2a188243a0,0,5s_cbf_dc2_site0,False,21
5,21,5s_cbf_dc2_site21,5,61bba8a43e036622,21,5s_cbf_dc2_site21,True,1
5,22,5s_cbf_dc2_site22,0,75a54b2a188243a0,0,5s_cbf_dc2_site0,False,21
5,23,5s_cbf_dc2_site23,0,75a54b2a188243a0,0,5s_cbf_dc2_site0,False,21
5,24,5s_cbf_dc2_site24,2,339214fd1822bf3b,10,5s_cbf_dc2_site10,False,3
5,25,5s_cbf_dc2_site25,6,1747c45c75c945d1,25,5s_cbf_dc2_site25,True,2
5,26,5s_cbf_dc2_site26,6,1747c45c75c945d1,25,5s_cbf_dc2_site25,False,2
5,27,5s_cbf_dc2_site27,0,75a54b2a188243a0,0,5s_cbf_dc2_site0,False,21
5,28,5s_cbf_dc2_site28,0,75a54b2a188243a0,0,5s_cbf_dc2_site0,False,21
5,29,5s_cbf_dc2_site29,0,75a54b2a188243a0,0,5s_cbf_dc2_site0,False,21
5,30,5s_cbf_dc2_site30,7,60c4af28432bdda2,30,5s_cbf_dc2_site30,True,1
5,31,5s_cbf_dc2_site31,8,22d263d7ad3262c9,31,5s_cbf_dc2_site31,True,2
5,32,5s_cbf_dc2_site32,9,74e06ee26ed555d7,32,5s_cbf_dc2_site32,True,3
5,33,5s_cbf_dc2_site33,10,16bea3a43de360c1,33,5s_cbf_dc2_site33,True,1
5,34,5s_cbf_dc2_site34,11,c05ba911274af27c,34,5s_cbf_dc2_site34,True,2
5,35,5s_cbf_dc2_site35,9,74e06ee26ed555d7,32,5s_cbf_dc2_site32,False,3
5,36,5s_cbf_dc2_site36,9,74e06ee26ed555d7,32,5s_cbf_dc2_site32,False,3
5,37,5s_cbf_dc2_site37,12,57d5fab9634c6b51,37,5s_cbf_dc2_site37,True,1
5,38,5s_cbf_dc2_site38,13,3185b2e06cb158b2,38,5s_cbf_dc2_site38,True,1
5,39,5s_cbf_dc2_site39,14,1f57875913b6a66e,39,5s_cbf_dc2_site39,True,1
5,40,5s_cbf_dc2_site40,15,5b7d45ea95ac86df,40,5s_cbf_dc2_site40,True,1
5,41,5s_cbf_dc2_site41,16,47b3daefd2900c60,41,5s_cbf_dc2_site41,True,5
5,42,5s_cbf_dc2_site42,17,b8303656de5489db,42,5s_cbf_dc2_site42,True,2
5,43,5s_cbf_dc2_site43,8,22d263d7ad3262c9,31,5s_cbf_dc2_site31,False,2
5,44,5s_cbf_dc2_site44,18,042e040171523dfe,44,5s_cbf_dc2_site44,True,2
5,45,5s_cbf_dc2_site45,19,36f5e60132fbc84a,45,5s_cbf_dc2_site45,True,2
5,46,5s_cbf_dc2_site46,18,042e040171523dfe,44,5s_cbf_dc2_site44,False,2
5,47,5s_cbf_dc2_site47,16,47b3daefd2900c60,41,5s_cbf_dc2_site41,False,5
5,48,5s_cbf_dc2_site48,20,b53469857a0b405e,48,5s_cbf_dc2_site48,True,1
5,49,5s_cbf_dc2_site49,21,64fc4b3174aabb67,49,5s_cbf_dc2_site49,True,1
5,50,5s_cbf_dc2_site50,22,8bc84bf1b17f03e5,50,5s_cbf_dc2_site50,True,1
5,51,5s_cbf_dc2_site51,23,dc19100694b4d8e6,51,5s_cbf_dc2_site51,True,1
5,52,5s_cbf_dc2_site52,19,36f5e60132fbc84a,45,5s_cbf_dc2_site45,False,2
5,53,5s_cbf_dc2_site53,11,c05ba911274af27c,34,5s_cbf_dc2_site34,False,2
5,54,5s_cbf_dc2_site54,16,47b3daefd2900c60,41,5s_cbf_dc2_site41,False,5
5,55,5s_cbf_dc2_site55,16,47b3daefd2900c60,41,5s_cbf_dc2_site41,False,5
5,56,5s_cbf_dc2_site56,17,b8303656de5489db,42,5s_cbf_dc2_site42,False,2
5,57,5s_cbf_dc2_site57,16,47b3daefd2900c60,41,5s_cbf_dc2_site41,False,5
5,58,5s_cbf_dc2_site58,24,a09b247db3a2e01c,58,5s_cbf_dc2_site58,True,1
5,59,5s_cbf_dc2_site59,25,160a1b2b53d394fb,59,5s_cbf_dc2_site59,True,1
