Group ID,RSN ID,Status
1,1002974,downloaded
1,3000051,downloaded
1,3001290,downloaded
1,3001966,downloaded
1,3001969,downloaded
1,4001342,downloaded
1,4012376,downloaded
1,4016595,downloaded
1,4016745,downloaded
1,4023026,downloaded
1,4024825,downloaded
1,4031293,downloaded
1,4033695,downloaded
1,4033699,downloaded
1,4033734,downloaded
1,4033920,downloaded
1,4040842,downloaded
1,5001370,downloaded
1,6001446,downloaded
1,6002217,downloaded
1,6004532,downloaded
1,7004702,downloaded
1,7004997,downloaded
1,7006522,downloaded
1,7006533,downloaded
1,7008065,downloaded
1,7008066,downloaded
1,7008080,downloaded
1,7008140,downloaded
1,7010475,downloaded
2,1000061,downloaded
2,3001442,downloaded
2,4003200,downloaded
2,4018055,downloaded
2,4022762,downloaded
2,4023068,downloaded
2,4024988,downloaded
2,4028991,downloaded
2,4032007,downloaded
2,4032990,downloaded
2,4033698,downloaded
2,4040380,downloaded
2,4040686,downloaded
2,6001025,downloaded
2,6001232,downloaded
2,6001737,downloaded
2,6002707,downloaded
2,6002910,downloaded
2,6003348,downloaded
2,6004606,downloaded
2,6006198,downloaded
2,7000399,downloaded
2,7001245,downloaded
2,7004684,downloaded
2,7004752,downloaded
2,7004991,downloaded
2,7008046,downloaded
2,7008144,downloaded
2,7010201,downloaded
2,7011564,downloaded
3,2000885,downloaded
3,3000377,downloaded
3,3000429,downloaded
3,3001954,downloaded
3,3001958,downloaded
3,3001973,downloaded
3,4002032,downloaded
3,4008562,downloaded
3,4008565,downloaded
3,4012453,downloaded
3,4018310,downloaded
3,4023049,downloaded
3,4028660,downloaded
3,4028824,downloaded
3,4030725,downloaded
3,4032887,downloaded
3,6001021,downloaded
3,6001224,downloaded
3,6001733,downloaded
3,6001762,downloaded
3,6004613,downloaded
3,6005167,downloaded
3,6005438,downloaded
3,7001953,downloaded
3,7001970,downloaded
3,7004736,downloaded
3,7004903,downloaded
3,7006498,downloaded
3,7008174,downloaded
3,7008193,downloaded
4,2000004,downloaded
4,3000253,downloaded
4,3000382,downloaded
4,3001291,downloaded
4,4003049,downloaded
4,4003051,downloaded
4,4009175,downloaded
4,4022833,downloaded
4,4022893,downloaded
4,4024661,downloaded
4,4028652,downloaded
4,4030513,downloaded
4,4030744,downloaded
4,4030898,downloaded
4,4032960,downloaded
4,4036908,downloaded
4,5003990,downloaded
4,6001018,downloaded
4,6001380,downloaded
4,6001385,downloaded
4,6001408,downloaded
4,6002254,downloaded
4,6006374,downloaded
4,7001197,downloaded
4,7004720,downloaded
4,7004730,downloaded
4,7004866,downloaded
4,7004911,downloaded
4,7006486,downloaded
4,7008181,downloaded
5,3000254,downloaded
5,3000378,downloaded
5,3000391,downloaded
5,3001971,downloaded
5,3001972,downloaded
5,4006938,downloaded
5,4019400,downloaded
5,4022771,downloaded
5,4028874,downloaded
5,4030526,downloaded
5,4040096,downloaded
5,4040442,downloaded
5,4040873,downloaded
5,5000329,downloaded
5,6001208,downloaded
5,6001764,downloaded
5,6001777,downloaded
5,6002214,downloaded
5,6002702,downloaded
5,6003268,downloaded
5,6004644,downloaded
5,7001202,downloaded
5,7001819,downloaded
5,7004870,downloaded
5,7004908,downloaded
5,7006211,downloaded
5,7008045,downloaded
5,7008050,downloaded
5,7008172,downloaded
5,7008180,downloaded
6,3000052,downloaded
6,3001398,downloaded
6,4003091,downloaded
6,4022989,downloaded
6,4024720,downloaded
6,4028564,downloaded
6,4028832,downloaded
6,4032449,downloaded
6,4033700,downloaded
6,4039224,downloaded
6,4040656,downloaded
6,4040662,downloaded
6,6001220,downloaded
6,6001221,downloaded
6,6001388,downloaded
6,6001404,downloaded
6,6001863,downloaded
6,7001747,downloaded
6,7001828,downloaded
6,7004712,downloaded
6,7004719,downloaded
6,7004842,downloaded
6,7004869,downloaded
6,7004889,downloaded
6,7004956,downloaded
6,7007997,downloaded
6,7008161,downloaded
6,7008162,downloaded
6,7008164,downloaded
6,7008168,downloaded
7,1002139,downloaded
7,2000892,downloaded
7,3000385,downloaded
7,3000400,downloaded
7,3001439,downloaded
7,3001475,downloaded
7,4003160,downloaded
7,4008651,downloaded
7,4010044,downloaded
7,4013765,downloaded
7,4028983,downloaded
7,4033836,downloaded
7,4033837,downloaded
7,4033925,downloaded
7,4037712,downloaded
7,4040099,downloaded
7,5001383,downloaded
7,6001257,downloaded
7,6001765,downloaded
7,6001853,downloaded
7,6006013,downloaded
7,7000401,downloaded
7,7001961,downloaded
7,7002051,downloaded
7,7004697,downloaded
7,7004899,downloaded
7,7005846,downloaded
7,7006916,downloaded
7,7008075,downloaded
7,7008192,downloaded
8,1002116,downloaded
8,3001654,downloaded
8,3001961,downloaded
8,4019122,downloaded
8,4022835,downloaded
8,4023088,downloaded
8,4026468,downloaded
8,4027351,downloaded
8,4028754,downloaded
8,4028964,downloaded
8,4030516,downloaded
8,4030659,downloaded
8,4031005,downloaded
8,4033735,downloaded
8,4033866,downloaded
8,4033901,downloaded
8,4039344,downloaded
8,4040383,downloaded
8,4040872,downloaded
8,5001379,downloaded
8,6001745,downloaded
8,6002129,downloaded
8,6004594,downloaded
8,6005512,downloaded
8,7004722,downloaded
8,7004729,downloaded
8,7004771,downloaded
8,7005136,downloaded
8,7006717,downloaded
8,7008237,downloaded
9,3000369,downloaded
9,3001306,downloaded
9,3001962,downloaded
9,4002211,downloaded
9,4003089,downloaded
9,4018418,downloaded
9,4022773,downloaded
9,4022836,downloaded
9,4022991,downloaded
9,4023069,downloaded
9,4023122,downloaded
9,4024819,downloaded
9,4028567,downloaded
9,4028854,downloaded
9,4030515,downloaded
9,4038115,downloaded
9,4039223,downloaded
9,4040694,downloaded
9,6004592,downloaded
9,6004607,downloaded
9,6005384,downloaded
9,6005524,downloaded
9,6005525,downloaded
9,7004688,downloaded
9,7004769,downloaded
9,7004901,downloaded
9,7004910,downloaded
9,7004932,downloaded
9,7004957,downloaded
9,7007993,downloaded
10,1002969,downloaded
10,3000367,downloaded
10,3000384,downloaded
10,3001992,downloaded
10,4022900,downloaded
10,4022903,downloaded
10,4022948,downloaded
10,4023054,downloaded
10,4024938,downloaded
10,4028570,downloaded
10,4030541,downloaded
10,4032909,downloaded
10,4033933,downloaded
10,4040376,downloaded
10,5003382,downloaded
10,6000858,downloaded
10,6001064,downloaded
10,6001141,downloaded
10,6001219,downloaded
10,6001377,downloaded
10,6001781,downloaded
10,6005734,downloaded
10,7004882,downloaded
10,7004929,downloaded
10,7005904,downloaded
10,7006078,downloaded
10,7006419,downloaded
10,7007985,downloaded
10,7007986,downloaded
10,7008171,downloaded
11,3000386,downloaded
11,3000392,downloaded
11,4002243,downloaded
11,4003195,downloaded
11,4009374,downloaded
11,4018354,downloaded
11,4018860,downloaded
11,4019024,downloaded
11,4023064,downloaded
11,4024766,downloaded
11,4025961,downloaded
11,4028522,downloaded
11,4029156,downloaded
11,4030654,downloaded
11,4033713,downloaded
11,4033838,downloaded
11,4040382,downloaded
11,6000994,downloaded
11,6001361,downloaded
11,6005811,downloaded
11,7001738,downloaded
11,7004747,downloaded
11,7004872,downloaded
11,7004877,downloaded
11,7004923,downloaded
11,7004940,downloaded
11,7006719,downloaded
11,7008186,downloaded
11,7011024,downloaded
11,7011578,downloaded
12,3000387,downloaded
12,3000403,downloaded
12,3001469,downloaded
12,4001354,downloaded
12,4018891,downloaded
12,4018945,downloaded
12,4023067,downloaded
12,4023184,downloaded
12,4029080,downloaded
12,4030660,downloaded
12,4031160,downloaded
12,4032989,downloaded
12,4040441,downloaded
12,4040667,downloaded
12,6001864,downloaded
12,6002142,downloaded
12,6002223,downloaded
12,6002226,downloaded
12,6002718,downloaded
12,6004346,downloaded
12,6005160,downloaded
12,7001963,downloaded
12,7004846,downloaded
12,7004925,downloaded
12,7004927,downloaded
12,7004944,downloaded
12,7004959,downloaded
12,7004976,downloaded
12,7006364,downloaded
12,7008018,downloaded
13,3000390,downloaded
13,4001341,downloaded
13,4001999,downloaded
13,4007291,downloaded
13,4018428,downloaded
13,4019978,downloaded
13,4022895,downloaded
13,4024611,downloaded
13,4025866,downloaded
13,4025907,downloaded
13,4040832,downloaded
13,6000337,downloaded
13,6001533,downloaded
13,6002789,downloaded
13,7001766,downloaded
13,7001823,downloaded
13,7004704,downloaded
13,7004887,downloaded
13,7004993,downloaded
13,7006176,downloaded
13,7006207,downloaded
13,7006388,downloaded
13,7006428,downloaded
13,7006508,downloaded
13,7006556,downloaded
13,7006650,downloaded
13,7006692,downloaded
13,7006707,downloaded
13,7006725,downloaded
13,7008187,downloaded
14,1002811,downloaded
14,3001293,downloaded
14,3001425,downloaded
14,4007226,downloaded
14,4007346,downloaded
14,4016832,downloaded
14,4017093,downloaded
14,4017124,downloaded
14,4021941,downloaded
14,4022475,downloaded
14,4026050,downloaded
14,4028619,downloaded
14,4031842,downloaded
14,4032889,downloaded
14,4039181,downloaded
14,6001357,downloaded
14,6002252,downloaded
14,7001204,downloaded
14,7001214,downloaded
14,7001969,downloaded
14,7004859,downloaded
14,7006067,downloaded
14,7006116,downloaded
14,7006220,downloaded
14,7006235,downloaded
14,7006414,downloaded
14,7006415,downloaded
14,7006649,downloaded
14,7007980,downloaded
14,7010257,downloaded
15,2000077,downloaded
15,3000105,downloaded
15,3001440,downloaded
15,3001571,downloaded
15,4002293,downloaded
15,4002647,downloaded
15,4003168,downloaded
15,4010300,downloaded
15,4016522,downloaded
15,4016784,downloaded
15,4021887,downloaded
15,4021926,downloaded
15,4022446,downloaded
15,4022944,downloaded
15,4028700,downloaded
15,4031806,downloaded
15,4031873,downloaded
15,4033722,downloaded
15,4038484,downloaded
15,6001683,downloaded
15,6004271,downloaded
15,6005778,downloaded
15,7001821,downloaded
15,7004685,downloaded
15,7004723,downloaded
15,7004848,downloaded
15,7004855,downloaded
15,7004988,downloaded
15,7006372,downloaded
15,7006696,downloaded
16,2000013,downloaded
16,2000897,downloaded
16,3000383,downloaded
16,3000402,downloaded
16,4001996,downloaded
16,4003218,downloaded
16,4007264,downloaded
16,4009590,downloaded
16,4016138,downloaded
16,4016816,downloaded
16,4018344,downloaded
16,4028515,downloaded
16,4031296,downloaded
16,4035231,downloaded
16,4039197,downloaded
16,6002907,downloaded
16,7000400,downloaded
16,7001185,downloaded
16,7001206,downloaded
16,7004711,downloaded
16,7004942,downloaded
16,7005106,downloaded
16,7005247,downloaded
16,7006240,downloaded
16,7006408,downloaded
16,7006416,downloaded
16,7006643,downloaded
16,7006703,downloaded
16,7006736,downloaded
16,7008177,downloaded
17,2000049,downloaded
17,3000185,downloaded
17,3001301,downloaded
17,3001577,downloaded
17,4007547,downloaded
17,4016778,downloaded
17,4016788,downloaded
17,4016826,downloaded
17,4021854,downloaded
17,4022649,downloaded
17,4025965,downloaded
17,4027469,downloaded
17,5000221,downloaded
17,6000991,downloaded
17,6001143,downloaded
17,6001713,downloaded
17,6001718,downloaded
17,6001726,downloaded
17,6003303,downloaded
17,7001032,downloaded
17,7005978,downloaded
17,7006264,downloaded
17,7006404,downloaded
17,7006604,downloaded
17,7006710,downloaded
17,7007090,downloaded
17,7010062,downloaded
17,7010130,downloaded
17,7010181,downloaded
17,7011548,downloaded
18,1002975,downloaded
18,2000079,downloaded
18,2000091,downloaded
18,2001635,downloaded
18,3000101,downloaded
18,3001006,downloaded
18,3001303,downloaded
18,3001304,downloaded
18,4016792,downloaded
18,4021855,downloaded
18,4022450,downloaded
18,4026049,downloaded
18,4026936,downloaded
18,4028061,downloaded
18,4028079,downloaded
18,4028417,downloaded
18,4031757,downloaded
18,4031949,downloaded
18,4032477,downloaded
18,5001511,downloaded
18,6001146,downloaded
18,6001684,downloaded
18,6001715,downloaded
18,6001717,downloaded
18,7001223,downloaded
18,7005939,downloaded
18,7005966,downloaded
18,7006085,downloaded
18,7006261,downloaded
18,7006384,downloaded
19,1002853,downloaded
19,1002911,downloaded
19,2000007,downloaded
19,2000008,downloaded
19,2000009,downloaded
19,2000902,downloaded
19,2000903,downloaded
19,2001631,downloaded
19,2002142,downloaded
19,3001289,downloaded
19,3001308,downloaded
19,3001493,downloaded
19,4017129,downloaded
19,4017176,downloaded
19,4028050,downloaded
19,4028053,downloaded
19,4028087,downloaded
19,4033501,downloaded
19,6001527,downloaded
19,6001541,downloaded
19,6001571,downloaded
19,6001714,downloaded
19,7001145,downloaded
19,7001265,downloaded
19,7006029,downloaded
19,7006055,downloaded
19,7006265,downloaded
19,7006712,downloaded
19,7010122,downloaded
19,7010254,downloaded
20,1002495,downloaded
20,1002962,downloaded
20,3000098,downloaded
20,3001576,downloaded
20,4008135,downloaded
20,4009582,downloaded
20,4016893,downloaded
20,4017125,downloaded
20,4019898,downloaded
20,4022717,downloaded
20,4022750,downloaded
20,4025853,downloaded
20,4028139,downloaded
20,4028259,downloaded
20,4031675,downloaded
20,4034571,downloaded
20,4036713,downloaded
20,5001492,downloaded
20,5003374,downloaded
20,5003378,downloaded
20,6001452,downloaded
20,7001248,downloaded
20,7005088,downloaded
20,7006160,downloaded
20,7006411,downloaded
20,7006607,downloaded
20,7006610,downloaded
20,7006828,downloaded
20,7006845,downloaded
20,7007153,downloaded
21,1002801,downloaded
21,1002947,downloaded
21,1002973,downloaded
21,3001041,downloaded
21,4016998,downloaded
21,4022483,downloaded
21,4022553,downloaded
21,4027497,downloaded
21,4027598,downloaded
21,4028406,downloaded
21,4031958,downloaded
21,5001498,downloaded
21,5001503,downloaded
21,5003317,downloaded
21,6001138,downloaded
21,6001151,downloaded
21,6001570,downloaded
21,7001149,downloaded
21,7001163,downloaded
21,7005081,downloaded
21,7005087,downloaded
21,7005378,downloaded
21,7006044,downloaded
21,7006588,downloaded
21,7006637,downloaded
21,7006724,downloaded
21,7006894,downloaded
21,7006977,downloaded
21,7010125,downloaded
21,7010144,downloaded
22,1001764,downloaded
22,2000036,downloaded
22,3000106,downloaded
22,4007215,downloaded
22,4007553,downloaded
22,4016793,downloaded
22,4017130,downloaded
22,4019344,downloaded
22,4019892,downloaded
22,4026009,downloaded
22,4027434,downloaded
22,4027572,downloaded
22,4028076,downloaded
22,4028257,downloaded
22,4031962,downloaded
22,5001487,downloaded
22,6001150,downloaded
22,6001513,downloaded
22,7001018,downloaded
22,7001240,downloaded
22,7005101,downloaded
22,7005849,downloaded
22,7005867,downloaded
22,7005930,downloaded
22,7006246,downloaded
22,7006695,downloaded
22,7006738,downloaded
22,7007026,downloaded
22,7007100,downloaded
22,7010982,downloaded
23,1002199,downloaded
23,2000065,downloaded
23,2000074,downloaded
23,4007252,downloaded
23,4007430,downloaded
23,4021845,downloaded
23,4025966,downloaded
23,4028366,downloaded
23,4031678,downloaded
23,4031813,downloaded
23,4031889,downloaded
23,4031989,downloaded
23,6001550,downloaded
23,6001699,downloaded
23,6003500,downloaded
23,7001143,downloaded
23,7005343,downloaded
23,7006196,downloaded
23,7006271,downloaded
23,7006357,downloaded
23,7006597,downloaded
23,7006746,downloaded
23,7006994,downloaded
23,7010143,downloaded
23,7010281,downloaded
23,7010432,downloaded
23,7011021,downloaded
23,7011247,downloaded
23,7011575,downloaded
23,7011600,downloaded
24,1002829,downloaded
24,1002920,downloaded
24,2000060,downloaded
24,2000071,downloaded
24,2000082,downloaded
24,4016794,downloaded
24,4019338,downloaded
24,4022437,downloaded
24,4022453,downloaded
24,4027326,downloaded
24,4027494,downloaded
24,4027607,downloaded
24,4033503,downloaded
24,5003375,downloaded
24,6001003,downloaded
24,6001561,downloaded
24,6001723,downloaded
24,7001191,downloaded
24,7001196,downloaded
24,7001205,downloaded
24,7005894,downloaded
24,7006254,downloaded
24,7006255,downloaded
24,7006266,downloaded
24,7006293,downloaded
24,7006870,downloaded
24,7006897,downloaded
24,7007008,downloaded
24,7010197,downloaded
24,7010488,downloaded
25,1002197,downloaded
25,2000025,downloaded
25,3000001,downloaded
25,4007255,downloaded
25,4009619,downloaded
25,4016796,downloaded
25,4016827,downloaded
25,4017073,downloaded
25,4019453,downloaded
25,4034479,downloaded
25,4036733,downloaded
25,5001499,downloaded
25,5003342,downloaded
25,6001509,downloaded
25,7000078,downloaded
25,7001186,downloaded
25,7005075,downloaded
25,7005387,downloaded
25,7006215,downloaded
25,7006221,downloaded
25,7006224,downloaded
25,7006542,downloaded
25,7006860,downloaded
25,7007063,downloaded
25,7007132,downloaded
25,7010167,downloaded
25,7010340,downloaded
25,7010448,downloaded
25,7011016,downloaded
25,7011559,downloaded
26,2000014,downloaded
26,2000018,downloaded
26,3001294,downloaded
26,3001435,downloaded
26,4007473,downloaded
26,4017013,downloaded
26,4017058,downloaded
26,4017137,downloaded
26,4031932,downloaded
26,4032458,downloaded
26,4033574,downloaded
26,4038619,downloaded
26,4040456,downloaded
26,5003349,downloaded
26,5003389,downloaded
26,5004001,downloaded
26,6001716,downloaded
26,7001150,downloaded
26,7001158,downloaded
26,7005123,downloaded
26,7006143,downloaded
26,7006245,downloaded
26,7006310,downloaded
26,7006735,downloaded
26,7007034,downloaded
26,7010141,downloaded
26,7010262,downloaded
26,7011015,downloaded
26,7011558,downloaded
26,7011570,downloaded
27,1002817,downloaded
27,3000100,downloaded
27,4007205,downloaded
27,4016813,downloaded
27,4016883,downloaded
27,4017100,downloaded
27,4017169,downloaded
27,4019736,downloaded
27,4025870,downloaded
27,4031881,downloaded
27,4032032,downloaded
27,4033472,downloaded
27,6001152,downloaded
27,6001562,downloaded
27,6001703,downloaded
27,6002956,downloaded
27,7004084,downloaded
27,7005288,downloaded
27,7005877,downloaded
27,7005980,downloaded
27,7006045,downloaded
27,7006161,downloaded
27,7006297,downloaded
27,7006312,downloaded
27,7006341,downloaded
27,7006951,downloaded
27,7010137,downloaded
27,7010174,downloaded
27,7010278,downloaded
27,7010495,downloaded
28,1002822,downloaded
28,2000043,downloaded
28,2000904,downloaded
28,4007350,downloaded
28,4010102,downloaded
28,4019805,downloaded
28,4027316,downloaded
28,4027443,downloaded
28,4028290,downloaded
28,4031755,downloaded
28,4031815,downloaded
28,4036714,downloaded
28,5003993,downloaded
28,5003994,downloaded
28,5003996,downloaded
28,6001546,downloaded
28,7001203,downloaded
28,7005903,downloaded
28,7006042,downloaded
28,7006231,downloaded
28,7006250,downloaded
28,7006276,downloaded
28,7006412,downloaded
28,7006417,downloaded
28,7006685,downloaded
28,7006693,downloaded
28,7006706,downloaded
28,7007049,downloaded
28,7010072,downloaded
28,7010383,downloaded
29,2000032,downloaded
29,3001309,downloaded
29,4016867,downloaded
29,4020014,downloaded
29,4024598,downloaded
29,4025211,downloaded
29,4025959,downloaded
29,4025962,downloaded
29,4028058,downloaded
29,4028255,downloaded
29,6001156,downloaded
29,6001440,downloaded
29,6001526,downloaded
29,6003673,downloaded
29,6006431,downloaded
29,7001147,downloaded
29,7001172,downloaded
29,7001971,downloaded
29,7005105,downloaded
29,7006379,downloaded
29,7006398,downloaded
29,7006713,downloaded
29,7006715,downloaded
29,7008076,downloaded
29,7008439,downloaded
29,7008443,downloaded
29,7010165,downloaded
29,7010397,downloaded
29,7010447,downloaded
29,7010473,downloaded
30,2001567,downloaded
30,4002269,downloaded
30,4007087,downloaded
30,4008080,downloaded
30,4008559,downloaded
30,4010238,downloaded
30,4017021,downloaded
30,4021849,downloaded
30,4021946,downloaded
30,4023189,downloaded
30,4024775,downloaded
30,4025446,downloaded
30,4025980,downloaded
30,4025986,downloaded
30,4028335,downloaded
30,4028580,downloaded
30,4028835,downloaded
30,4029212,downloaded
30,4030675,downloaded
30,4031874,downloaded
30,4032381,downloaded
30,4040035,downloaded
30,4040066,downloaded
30,4040652,downloaded
30,6002239,downloaded
30,6004041,downloaded
30,6004534,downloaded
30,7006258,downloaded
30,7006546,downloaded
30,7008069,downloaded
31,1002907,downloaded
31,2001637,downloaded
31,3000416,downloaded
31,3001295,downloaded
31,3001305,downloaded
31,3001757,downloaded
31,4001986,downloaded
31,4007231,downloaded
31,4007429,downloaded
31,4017771,downloaded
31,4021942,downloaded
31,4022454,downloaded
31,4026908,downloaded
31,4027488,downloaded
31,4027499,downloaded
31,4028247,downloaded
31,4028338,downloaded
31,4028510,downloaded
31,4031905,downloaded
31,4032012,downloaded
31,4034403,downloaded
31,5003360,downloaded
31,6001704,downloaded
31,7001887,downloaded
31,7005922,downloaded
31,7006129,downloaded
31,7006198,downloaded
31,7006253,downloaded
31,7010391,downloaded
31,7011565,downloaded
32,3000424,downloaded
32,4001370,downloaded
32,4005958,downloaded
32,4010286,downloaded
32,4017862,downloaded
32,4022973,downloaded
32,4024852,downloaded
32,4028064,downloaded
32,4028790,downloaded
32,4031890,downloaded
32,4032403,downloaded
32,4032877,downloaded
32,4035240,downloaded
32,5001374,downloaded
32,6000516,downloaded
32,6005391,downloaded
32,6005804,downloaded
32,7001106,downloaded
32,7001792,downloaded
32,7001834,downloaded
32,7004603,downloaded
32,7004653,downloaded
32,7004931,downloaded
32,7005975,downloaded
32,7006238,downloaded
32,7006896,downloaded
32,7008000,downloaded
32,7008236,downloaded
32,7010492,downloaded
32,7010673,downloaded
33,3000375,downloaded
33,4002248,downloaded
33,4002329,downloaded
33,4002451,downloaded
33,4002547,downloaded
33,4012370,downloaded
33,4018488,downloaded
33,4019160,downloaded
33,4021878,downloaded
33,4023113,downloaded
33,4028577,downloaded
33,4036227,downloaded
33,4040150,downloaded
33,4040877,downloaded
33,5001375,downloaded
33,5001414,downloaded
33,6001375,downloaded
33,6002704,downloaded
33,6005363,downloaded
33,6005445,downloaded
33,6005675,downloaded
33,7001555,downloaded
33,7001956,downloaded
33,7004845,downloaded
33,7004864,downloaded
33,7004896,downloaded
33,7004951,downloaded
33,7007968,downloaded
33,7007982,downloaded
33,7008571,downloaded
34,1000086,downloaded
34,2000985,downloaded
34,3000103,downloaded
34,4001301,downloaded
34,4003072,downloaded
34,4012375,downloaded
34,4016897,downloaded
34,4022878,downloaded
34,4025464,downloaded
34,4028498,downloaded
34,4028624,downloaded
34,4029054,downloaded
34,4029224,downloaded
34,4031414,downloaded
34,4032944,downloaded
34,4033854,downloaded
34,4040158,downloaded
34,4040602,downloaded
34,4040669,downloaded
34,5001514,downloaded
34,6001352,downloaded
34,6004246,downloaded
34,6005381,downloaded
34,7001732,downloaded
34,7002769,downloaded
34,7006039,downloaded
34,7006219,downloaded
34,7006547,downloaded
34,7006623,downloaded
34,7010439,downloaded
35,3000408,downloaded
35,4002585,downloaded
35,4003196,downloaded
35,4003222,downloaded
35,4003225,downloaded
35,4007340,downloaded
35,4012413,downloaded
35,4016779,downloaded
35,4018504,downloaded
35,4022576,downloaded
35,4022978,downloaded
35,4028535,downloaded
35,4031853,downloaded
35,4039219,downloaded
35,4040761,downloaded
35,4040889,downloaded
35,5003392,downloaded
35,6001442,downloaded
35,6001518,downloaded
35,6004056,downloaded
35,7004709,downloaded
35,7005958,downloaded
35,7005968,downloaded
35,7006202,downloaded
35,7006420,downloaded
35,7006587,downloaded
35,7007991,downloaded
35,7010162,downloaded
35,7011787,downloaded
35,7011970,downloaded
36,1001788,downloaded
36,1002900,downloaded
36,3001523,downloaded
36,4009468,downloaded
36,4017127,downloaded
36,4018289,downloaded
36,4019215,downloaded
36,4019309,downloaded
36,4022516,downloaded
36,4027384,downloaded
36,4027542,downloaded
36,4027591,downloaded
36,4028399,downloaded
36,4034662,downloaded
36,5003400,downloaded
36,5004043,downloaded
36,6001139,downloaded
36,6001720,downloaded
36,6003440,downloaded
36,6004043,downloaded
36,7001233,downloaded
36,7002767,downloaded
36,7005973,downloaded
36,7006155,downloaded
36,7007075,downloaded
36,7008191,downloaded
36,7008540,downloaded
36,7010134,downloaded
36,7010457,downloaded
36,7010501,downloaded
37,1002915,downloaded
37,2000064,downloaded
37,4007208,downloaded
37,4007434,downloaded
37,4007498,downloaded
37,4009572,downloaded
37,4017043,downloaded
37,4017870,downloaded
37,4019897,downloaded
37,4022523,downloaded
37,4022538,downloaded
37,4022723,downloaded
37,4028344,downloaded
37,4031768,downloaded
37,4034481,downloaded
37,5003371,downloaded
37,6000553,downloaded
37,6001680,downloaded
37,6001691,downloaded
37,6006153,downloaded
37,7001218,downloaded
37,7005409,downloaded
37,7006406,downloaded
37,7007048,downloaded
37,7007069,downloaded
37,7010169,downloaded
37,7010256,downloaded
37,7010318,downloaded
37,7010428,downloaded
37,7011573,downloaded
38,1002198,downloaded
38,1002402,downloaded
38,3000374,downloaded
38,4001275,downloaded
38,4007209,downloaded
38,4017084,downloaded
38,4017099,downloaded
38,4019211,downloaded
38,4021886,downloaded
38,4021919,downloaded
38,4021959,downloaded
38,4022521,downloaded
38,4025927,downloaded
38,4032020,downloaded
38,4039258,downloaded
38,7000079,downloaded
38,7001154,downloaded
38,7001392,downloaded
38,7001571,downloaded
38,7002288,downloaded
38,7002327,downloaded
38,7002896,downloaded
38,7005909,downloaded
38,7006175,downloaded
38,7006365,downloaded
38,7006728,downloaded
38,7006856,downloaded
38,7010418,downloaded
38,7010431,downloaded
38,7010437,downloaded
39,4001318,downloaded
39,4006413,downloaded
39,4008547,downloaded
39,4017188,downloaded
39,4021850,downloaded
39,4023494,downloaded
39,4026046,downloaded
39,4028528,downloaded
39,4029241,downloaded
39,4030655,downloaded
39,4030685,downloaded
39,4031765,downloaded
39,4032333,downloaded
39,4032358,downloaded
39,6001859,downloaded
39,7000036,downloaded
39,7002132,downloaded
39,7005005,downloaded
39,7005858,downloaded
39,7005952,downloaded
39,7006262,downloaded
39,7006844,downloaded
39,7007973,downloaded
39,7008079,downloaded
39,7008081,downloaded
39,7008240,downloaded
39,7010225,downloaded
39,7010334,downloaded
39,7010345,downloaded
39,7010380,downloaded
40,3001288,downloaded
40,4007372,downloaded
40,4012403,downloaded
40,4016863,downloaded
40,4016868,downloaded
40,4019456,downloaded
40,4022700,downloaded
40,4024609,downloaded
40,4024810,downloaded
40,4027492,downloaded
40,4027571,downloaded
40,4028054,downloaded
40,4028642,downloaded
40,4028896,downloaded
40,4033581,downloaded
40,4040155,downloaded
40,5001590,downloaded
40,6001242,downloaded
40,6001246,downloaded
40,6001451,downloaded
40,7000070,downloaded
40,7000076,downloaded
40,7000081,downloaded
40,7002786,downloaded
40,7004698,downloaded
40,7006259,downloaded
40,7006627,downloaded
40,7007571,downloaded
40,7010615,downloaded
40,7011277,downloaded
41,1002798,downloaded
41,3001572,downloaded
41,4007245,downloaded
41,4007297,downloaded
41,4007322,downloaded
41,4009484,downloaded
41,4009657,downloaded
41,4019321,downloaded
41,4021876,downloaded
41,4022544,downloaded
41,4022682,downloaded
41,4022728,downloaded
41,4025946,downloaded
41,4027371,downloaded
41,4027539,downloaded
41,4038635,downloaded
41,5000607,downloaded
41,5004057,downloaded
41,7006275,downloaded
41,7006336,downloaded
41,7006888,downloaded
41,7007079,downloaded
41,7007119,downloaded
41,7008505,downloaded
41,7008550,downloaded
41,7010513,downloaded
41,7010970,downloaded
41,7010980,downloaded
41,7011520,downloaded
41,7011530,downloaded
42,1002813,downloaded
42,3001574,downloaded
42,4007247,downloaded
42,4007300,downloaded
42,4009490,downloaded
42,4017042,downloaded
42,4017808,downloaded
42,4017907,downloaded
42,4019307,downloaded
42,4022715,downloaded
42,4022716,downloaded
42,4028229,downloaded
42,4034550,downloaded
42,4036709,downloaded
42,6000549,downloaded
42,7000080,downloaded
42,7001231,downloaded
42,7004010,downloaded
42,7005411,downloaded
42,7006119,downloaded
42,7006606,downloaded
42,7007070,downloaded
42,7007176,downloaded
42,7007189,downloaded
42,7010259,downloaded
42,7010427,downloaded
42,7011220,downloaded
42,7011549,downloaded
42,7011576,downloaded
42,7011975,downloaded
43,1002850,downloaded
43,3001578,downloaded
43,4007534,downloaded
43,4017141,downloaded
43,4019446,downloaded
43,4019932,downloaded
43,4022514,downloaded
43,4025877,downloaded
43,4025930,downloaded
43,4028205,downloaded
43,4031772,downloaded
43,4033469,downloaded
43,4034766,downloaded
43,4036691,downloaded
43,5002720,downloaded
43,6005547,downloaded
43,7002762,downloaded
43,7003348,downloaded
43,7005839,downloaded
43,7005961,downloaded
43,7006136,downloaded
43,7006154,downloaded
43,7006234,downloaded
43,7007055,downloaded
43,7010046,downloaded
43,7010260,downloaded
43,7010476,downloaded
43,7010480,downloaded
43,7010977,downloaded
43,7011527,downloaded
44,2000061,downloaded
44,4007220,downloaded
44,4007256,downloaded
44,4007391,downloaded
44,4007512,downloaded
44,4021848,downloaded
44,4027435,downloaded
44,4028292,downloaded
44,4038637,downloaded
44,6001137,downloaded
44,6001140,downloaded
44,6001702,downloaded
44,7001247,downloaded
44,7001493,downloaded
44,7005339,downloaded
44,7005349,downloaded
44,7006242,downloaded
44,7007003,downloaded
44,7007046,downloaded
44,7007054,downloaded
