tag,S_alpha_RP,design_in_json,design_out_json,pickle,success,Vb,Wt,Vb_coeff,T,q_design,S_r
3s_cbf_dc2_site0,0.2095940633333333,C:\Users\clemettn\Documents\phd\casestudy_structures\concentrically_braced_frames\ec8_gen2_site_specific_designs\3s_cbf_dc2_site0\3s_cbf_dc2_site0_in.json,C:\Users\clemettn\Documents\phd\casestudy_structures\concentrically_braced_frames\ec8_gen2_site_specific_designs\3s_cbf_dc2_site0\3s_cbf_dc2_site0_out.json,C:\Users\clemettn\Documents\phd\casestudy_structures\concentrically_braced_frames\ec8_gen2_site_specific_designs\3s_cbf_dc2_site0\3s_cbf_dc2_site0_out.pickle,True,87384.86839229577,3061799.999999999,0.0285403580874961,0.7199782679216568,2.04,0.0285403580874961
3s_cbf_dc2_site1,0.27397254,C:\Users\clemettn\Documents\phd\casestudy_structures\concentrically_braced_frames\ec8_gen2_site_specific_designs\3s_cbf_dc2_site1\3s_cbf_dc2_site1_in.json,C:\Users\clemettn\Documents\phd\casestudy_structures\concentrically_braced_frames\ec8_gen2_site_specific_designs\3s_cbf_dc2_site1\3s_cbf_dc2_site1_out.json,C:\Users\clemettn\Documents\phd\casestudy_structures\concentrically_braced_frames\ec8_gen2_site_specific_designs\3s_cbf_dc2_site1\3s_cbf_dc2_site1_out.pickle,True,119785.53283036356,3061799.999999999,0.0391225856784778,0.6865612912684532,2.04,0.0391225856784778
3s_cbf_dc2_site10,0.3945794766666666,C:\Users\clemettn\Documents\phd\casestudy_structures\concentrically_braced_frames\ec8_gen2_site_specific_designs\3s_cbf_dc2_site10\3s_cbf_dc2_site10_in.json,C:\Users\clemettn\Documents\phd\casestudy_structures\concentrically_braced_frames\ec8_gen2_site_specific_designs\3s_cbf_dc2_site10\3s_cbf_dc2_site10_out.json,C:\Users\clemettn\Documents\phd\casestudy_structures\concentrically_braced_frames\ec8_gen2_site_specific_designs\3s_cbf_dc2_site10\3s_cbf_dc2_site10_out.pickle,True,259784.1407753216,3061799.999999999,0.0848468681087339,0.5813111984301537,2.04,0.0998198448338046
3s_cbf_dc2_site11,0.3554570966666666,C:\Users\clemettn\Documents\phd\casestudy_structures\concentrically_braced_frames\ec8_gen2_site_specific_designs\3s_cbf_dc2_site11\3s_cbf_dc2_site11_in.json,C:\Users\clemettn\Documents\phd\casestudy_structures\concentrically_braced_frames\ec8_gen2_site_specific_designs\3s_cbf_dc2_site11\3s_cbf_dc2_site11_out.json,C:\Users\clemettn\Documents\phd\casestudy_structures\concentrically_braced_frames\ec8_gen2_site_specific_designs\3s_cbf_dc2_site11\3s_cbf_dc2_site11_out.pickle,True,234026.65850775945,3061799.999999999,0.0764343387901755,0.5813111984301537,2.04,0.0899227515178535
3s_cbf_dc2_site12,0.2873592966666666,C:\Users\clemettn\Documents\phd\casestudy_structures\concentrically_braced_frames\ec8_gen2_site_specific_designs\3s_cbf_dc2_site12\3s_cbf_dc2_site12_in.json,C:\Users\clemettn\Documents\phd\casestudy_structures\concentrically_braced_frames\ec8_gen2_site_specific_designs\3s_cbf_dc2_site12\3s_cbf_dc2_site12_out.json,C:\Users\clemettn\Documents\phd\casestudy_structures\concentrically_braced_frames\ec8_gen2_site_specific_designs\3s_cbf_dc2_site12\3s_cbf_dc2_site12_out.pickle,True,128330.8517305786,3061799.999999999,0.0419135318213399,0.6721571492816951,2.04,0.0419135318213399
3s_cbf_dc2_site13,0.2818172766666666,C:\Users\clemettn\Documents\phd\casestudy_structures\concentrically_braced_frames\ec8_gen2_site_specific_designs\3s_cbf_dc2_site13\3s_cbf_dc2_site13_in.json,C:\Users\clemettn\Documents\phd\casestudy_structures\concentrically_braced_frames\ec8_gen2_site_specific_designs\3s_cbf_dc2_site13\3s_cbf_dc2_site13_out.json,C:\Users\clemettn\Documents\phd\casestudy_structures\concentrically_braced_frames\ec8_gen2_site_specific_designs\3s_cbf_dc2_site13\3s_cbf_dc2_site13_out.pickle,True,125855.85908145308,3061799.999999999,0.041105186191604,0.6721571492816947,2.04,0.041105186191604
3s_cbf_dc2_site14,0.31311126,C:\Users\clemettn\Documents\phd\casestudy_structures\concentrically_braced_frames\ec8_gen2_site_specific_designs\3s_cbf_dc2_site14\3s_cbf_dc2_site14_in.json,C:\Users\clemettn\Documents\phd\casestudy_structures\concentrically_braced_frames\ec8_gen2_site_specific_designs\3s_cbf_dc2_site14\3s_cbf_dc2_site14_out.json,C:\Users\clemettn\Documents\phd\casestudy_structures\concentrically_braced_frames\ec8_gen2_site_specific_designs\3s_cbf_dc2_site14\3s_cbf_dc2_site14_out.pickle,True,140864.4938179819,3061799.999999999,0.0460070853151681,0.6672272790734812,2.04,0.0460070853151681
3s_cbf_dc2_site15,0.3194166266666666,C:\Users\clemettn\Documents\phd\casestudy_structures\concentrically_braced_frames\ec8_gen2_site_specific_designs\3s_cbf_dc2_site15\3s_cbf_dc2_site15_in.json,C:\Users\clemettn\Documents\phd\casestudy_structures\concentrically_braced_frames\ec8_gen2_site_specific_designs\3s_cbf_dc2_site15\3s_cbf_dc2_site15_out.json,C:\Users\clemettn\Documents\phd\casestudy_structures\concentrically_braced_frames\ec8_gen2_site_specific_designs\3s_cbf_dc2_site15\3s_cbf_dc2_site15_out.pickle,True,122418.5730151744,3061799.999999999,0.0399825504654694,0.6391120585316888,2.5,0.0399825504654694
3s_cbf_dc2_site16,0.2447261666666667,C:\Users\clemettn\Documents\phd\casestudy_structures\concentrically_braced_frames\ec8_gen2_site_specific_designs\3s_cbf_dc2_site16\3s_cbf_dc2_site16_in.json,C:\Users\clemettn\Documents\phd\casestudy_structures\concentrically_braced_frames\ec8_gen2_site_specific_designs\3s_cbf_dc2_site16\3s_cbf_dc2_site16_out.json,C:\Users\clemettn\Documents\phd\casestudy_structures\concentrically_braced_frames\ec8_gen2_site_specific_designs\3s_cbf_dc2_site16\3s_cbf_dc2_site16_out.pickle,True,106998.5125943608,3061799.999999999,0.0349462775473123,0.6865612912684532,2.04,0.0349462775473123
3s_cbf_dc2_site17,0.4033222566666667,C:\Users\clemettn\Documents\phd\casestudy_structures\concentrically_braced_frames\ec8_gen2_site_specific_designs\3s_cbf_dc2_site17\3s_cbf_dc2_site17_in.json,C:\Users\clemettn\Documents\phd\casestudy_structures\concentrically_braced_frames\ec8_gen2_site_specific_designs\3s_cbf_dc2_site17\3s_cbf_dc2_site17_out.json,C:\Users\clemettn\Documents\phd\casestudy_structures\concentrically_braced_frames\ec8_gen2_site_specific_designs\3s_cbf_dc2_site17\3s_cbf_dc2_site17_out.pickle,True,276413.40663281584,3061799.999999999,0.0902780738888287,0.5584443698413003,2.04,0.1062094986927397
3s_cbf_dc2_site18,0.3851585133333333,C:\Users\clemettn\Documents\phd\casestudy_structures\concentrically_braced_frames\ec8_gen2_site_specific_designs\3s_cbf_dc2_site18\3s_cbf_dc2_site18_in.json,C:\Users\clemettn\Documents\phd\casestudy_structures\concentrically_braced_frames\ec8_gen2_site_specific_designs\3s_cbf_dc2_site18\3s_cbf_dc2_site18_out.json,C:\Users\clemettn\Documents\phd\casestudy_structures\concentrically_braced_frames\ec8_gen2_site_specific_designs\3s_cbf_dc2_site18\3s_cbf_dc2_site18_out.pickle,True,253581.5453299093,3061799.999999999,0.082821067780361,0.5813111984301537,2.04,0.0974365503298365
3s_cbf_dc2_site19,0.1812650333333333,C:\Users\clemettn\Documents\phd\casestudy_structures\concentrically_braced_frames\ec8_gen2_site_specific_designs\3s_cbf_dc2_site19\3s_cbf_dc2_site19_in.json,C:\Users\clemettn\Documents\phd\casestudy_structures\concentrically_braced_frames\ec8_gen2_site_specific_designs\3s_cbf_dc2_site19\3s_cbf_dc2_site19_out.json,C:\Users\clemettn\Documents\phd\casestudy_structures\concentrically_braced_frames\ec8_gen2_site_specific_designs\3s_cbf_dc2_site19\3s_cbf_dc2_site19_out.pickle,True,79905.84271543502,3061799.999999999,0.0260976689252841,0.7199782679216568,1.9294028948214292,0.0260976689252841
3s_cbf_dc2_site2,0.2444998366666666,C:\Users\clemettn\Documents\phd\casestudy_structures\concentrically_braced_frames\ec8_gen2_site_specific_designs\3s_cbf_dc2_site2\3s_cbf_dc2_site2_in.json,C:\Users\clemettn\Documents\phd\casestudy_structures\concentrically_braced_frames\ec8_gen2_site_specific_designs\3s_cbf_dc2_site2\3s_cbf_dc2_site2_out.json,C:\Users\clemettn\Documents\phd\casestudy_structures\concentrically_braced_frames\ec8_gen2_site_specific_designs\3s_cbf_dc2_site2\3s_cbf_dc2_site2_out.pickle,True,106899.55720399394,3061799.999999999,0.0349139581958305,0.6865612912684532,2.04,0.0349139581958305
3s_cbf_dc2_site20,0.3247466333333333,C:\Users\clemettn\Documents\phd\casestudy_structures\concentrically_braced_frames\ec8_gen2_site_specific_designs\3s_cbf_dc2_site20\3s_cbf_dc2_site20_in.json,C:\Users\clemettn\Documents\phd\casestudy_structures\concentrically_braced_frames\ec8_gen2_site_specific_designs\3s_cbf_dc2_site20\3s_cbf_dc2_site20_out.json,C:\Users\clemettn\Documents\phd\casestudy_structures\concentrically_braced_frames\ec8_gen2_site_specific_designs\3s_cbf_dc2_site20\3s_cbf_dc2_site20_out.pickle,True,124461.33396066404,3061799.999999999,0.0406497269451512,0.6391120585316887,2.5,0.0406497269451512
3s_cbf_dc2_site21,0.4283516866666666,C:\Users\clemettn\Documents\phd\casestudy_structures\concentrically_braced_frames\ec8_gen2_site_specific_designs\3s_cbf_dc2_site21\3s_cbf_dc2_site21_in.json,C:\Users\clemettn\Documents\phd\casestudy_structures\concentrically_braced_frames\ec8_gen2_site_specific_designs\3s_cbf_dc2_site21\3s_cbf_dc2_site21_out.json,C:\Users\clemettn\Documents\phd\casestudy_structures\concentrically_braced_frames\ec8_gen2_site_specific_designs\3s_cbf_dc2_site21\3s_cbf_dc2_site21_out.pickle,True,293567.1091573346,3061799.999999999,0.0958805634454682,0.5584443698413003,2.04,0.1128006628770214
3s_cbf_dc2_site22,0.3265701233333333,C:\Users\clemettn\Documents\phd\casestudy_structures\concentrically_braced_frames\ec8_gen2_site_specific_designs\3s_cbf_dc2_site22\3s_cbf_dc2_site22_in.json,C:\Users\clemettn\Documents\phd\casestudy_structures\concentrically_braced_frames\ec8_gen2_site_specific_designs\3s_cbf_dc2_site22\3s_cbf_dc2_site22_out.json,C:\Users\clemettn\Documents\phd\casestudy_structures\concentrically_braced_frames\ec8_gen2_site_specific_designs\3s_cbf_dc2_site22\3s_cbf_dc2_site22_out.pickle,True,125160.19878193836,3061799.999999999,0.0408779798752166,0.6391120585316887,2.5,0.0408779798752166
3s_cbf_dc2_site23,0.24931882,C:\Users\clemettn\Documents\phd\casestudy_structures\concentrically_braced_frames\ec8_gen2_site_specific_designs\3s_cbf_dc2_site23\3s_cbf_dc2_site23_in.json,C:\Users\clemettn\Documents\phd\casestudy_structures\concentrically_braced_frames\ec8_gen2_site_specific_designs\3s_cbf_dc2_site23\3s_cbf_dc2_site23_out.json,C:\Users\clemettn\Documents\phd\casestudy_structures\concentrically_braced_frames\ec8_gen2_site_specific_designs\3s_cbf_dc2_site23\3s_cbf_dc2_site23_out.pickle,True,109006.5000614204,3061799.999999999,0.0356020968258607,0.6865612912684532,2.04,0.0356020968258607
3s_cbf_dc2_site24,0.39383245,C:\Users\clemettn\Documents\phd\casestudy_structures\concentrically_braced_frames\ec8_gen2_site_specific_designs\3s_cbf_dc2_site24\3s_cbf_dc2_site24_in.json,C:\Users\clemettn\Documents\phd\casestudy_structures\concentrically_braced_frames\ec8_gen2_site_specific_designs\3s_cbf_dc2_site24\3s_cbf_dc2_site24_out.json,C:\Users\clemettn\Documents\phd\casestudy_structures\concentrically_braced_frames\ec8_gen2_site_specific_designs\3s_cbf_dc2_site24\3s_cbf_dc2_site24_out.pickle,True,259292.31164529265,3061799.999999999,0.0846862341254467,0.5813111984301537,2.04,0.0996308636769961
3s_cbf_dc2_site25,0.2152472133333333,C:\Users\clemettn\Documents\phd\casestudy_structures\concentrically_braced_frames\ec8_gen2_site_specific_designs\3s_cbf_dc2_site25\3s_cbf_dc2_site25_in.json,C:\Users\clemettn\Documents\phd\casestudy_structures\concentrically_braced_frames\ec8_gen2_site_specific_designs\3s_cbf_dc2_site25\3s_cbf_dc2_site25_out.json,C:\Users\clemettn\Documents\phd\casestudy_structures\concentrically_braced_frames\ec8_gen2_site_specific_designs\3s_cbf_dc2_site25\3s_cbf_dc2_site25_out.pickle,True,89741.80427538068,3061799.999999999,0.0293101457558889,0.7199782679216568,2.04,0.0293101457558889
3s_cbf_dc2_site26,0.1930182933333333,C:\Users\clemettn\Documents\phd\casestudy_structures\concentrically_braced_frames\ec8_gen2_site_specific_designs\3s_cbf_dc2_site26\3s_cbf_dc2_site26_in.json,C:\Users\clemettn\Documents\phd\casestudy_structures\concentrically_braced_frames\ec8_gen2_site_specific_designs\3s_cbf_dc2_site26\3s_cbf_dc2_site26_out.json,C:\Users\clemettn\Documents\phd\casestudy_structures\concentrically_braced_frames\ec8_gen2_site_specific_designs\3s_cbf_dc2_site26\3s_cbf_dc2_site26_out.pickle,True,80474.0262772338,3061799.999999999,0.0262832406679841,0.7199782679216568,2.04,0.0262832406679841
3s_cbf_dc2_site27,0.1929859933333333,C:\Users\clemettn\Documents\phd\casestudy_structures\concentrically_braced_frames\ec8_gen2_site_specific_designs\3s_cbf_dc2_site27\3s_cbf_dc2_site27_in.json,C:\Users\clemettn\Documents\phd\casestudy_structures\concentrically_braced_frames\ec8_gen2_site_specific_designs\3s_cbf_dc2_site27\3s_cbf_dc2_site27_out.json,C:\Users\clemettn\Documents\phd\casestudy_structures\concentrically_braced_frames\ec8_gen2_site_specific_designs\3s_cbf_dc2_site27\3s_cbf_dc2_site27_out.pickle,True,80460.55962076376,3061799.999999999,0.0262788423870807,0.7199782679216568,2.04,0.0262788423870807
3s_cbf_dc2_site28,0.3071502733333333,C:\Users\clemettn\Documents\phd\casestudy_structures\concentrically_braced_frames\ec8_gen2_site_specific_designs\3s_cbf_dc2_site28\3s_cbf_dc2_site28_in.json,C:\Users\clemettn\Documents\phd\casestudy_structures\concentrically_braced_frames\ec8_gen2_site_specific_designs\3s_cbf_dc2_site28\3s_cbf_dc2_site28_out.json,C:\Users\clemettn\Documents\phd\casestudy_structures\concentrically_braced_frames\ec8_gen2_site_specific_designs\3s_cbf_dc2_site28\3s_cbf_dc2_site28_out.pickle,True,137169.2394969555,3061799.999999999,0.0448001957988619,0.6721571492816952,2.04,0.0448001957988619
3s_cbf_dc2_site29,0.1343193833333333,C:\Users\clemettn\Documents\phd\casestudy_structures\concentrically_braced_frames\ec8_gen2_site_specific_designs\3s_cbf_dc2_site29\3s_cbf_dc2_site29_in.json,C:\Users\clemettn\Documents\phd\casestudy_structures\concentrically_braced_frames\ec8_gen2_site_specific_designs\3s_cbf_dc2_site29\3s_cbf_dc2_site29_out.json,C:\Users\clemettn\Documents\phd\casestudy_structures\concentrically_braced_frames\ec8_gen2_site_specific_designs\3s_cbf_dc2_site29\3s_cbf_dc2_site29_out.pickle,True,79905.8427154348,3061799.999999999,0.026097668925284,0.7199782679216568,1.4297087654925351,0.026097668925284
3s_cbf_dc2_site3,0.2291349633333333,C:\Users\clemettn\Documents\phd\casestudy_structures\concentrically_braced_frames\ec8_gen2_site_specific_designs\3s_cbf_dc2_site3\3s_cbf_dc2_site3_in.json,C:\Users\clemettn\Documents\phd\casestudy_structures\concentrically_braced_frames\ec8_gen2_site_specific_designs\3s_cbf_dc2_site3\3s_cbf_dc2_site3_out.json,C:\Users\clemettn\Documents\phd\casestudy_structures\concentrically_braced_frames\ec8_gen2_site_specific_designs\3s_cbf_dc2_site3\3s_cbf_dc2_site3_out.pickle,True,97145.90913072394,3061799.999999999,0.0317283653833444,0.7080166853882643,2.04,0.0317283653833444
3s_cbf_dc2_site30,0.6490430566666667,C:\Users\clemettn\Documents\phd\casestudy_structures\concentrically_braced_frames\ec8_gen2_site_specific_designs\3s_cbf_dc2_site30\3s_cbf_dc2_site30_in.json,C:\Users\clemettn\Documents\phd\casestudy_structures\concentrically_braced_frames\ec8_gen2_site_specific_designs\3s_cbf_dc2_site30\3s_cbf_dc2_site30_out.json,C:\Users\clemettn\Documents\phd\casestudy_structures\concentrically_braced_frames\ec8_gen2_site_specific_designs\3s_cbf_dc2_site30\3s_cbf_dc2_site30_out.pickle,True,481632.30210751103,3061799.999999999,0.1573036456030802,0.5157565279068438,2.04,0.1850631124742121
3s_cbf_dc2_site31,0.9716327,C:\Users\clemettn\Documents\phd\casestudy_structures\concentrically_braced_frames\ec8_gen2_site_specific_designs\3s_cbf_dc2_site31\3s_cbf_dc2_site31_in.json,C:\Users\clemettn\Documents\phd\casestudy_structures\concentrically_braced_frames\ec8_gen2_site_specific_designs\3s_cbf_dc2_site31\3s_cbf_dc2_site31_out.json,C:\Users\clemettn\Documents\phd\casestudy_structures\concentrically_braced_frames\ec8_gen2_site_specific_designs\3s_cbf_dc2_site31\3s_cbf_dc2_site31_out.pickle,True,1234128.0871614844,3061799.999999999,0.4030727307993614,0.4017607021248531,2.04,0.474203212705131
3s_cbf_dc2_site32,0.5309644533333333,C:\Users\clemettn\Documents\phd\casestudy_structures\concentrically_braced_frames\ec8_gen2_site_specific_designs\3s_cbf_dc2_site32\3s_cbf_dc2_site32_in.json,C:\Users\clemettn\Documents\phd\casestudy_structures\concentrically_braced_frames\ec8_gen2_site_specific_designs\3s_cbf_dc2_site32\3s_cbf_dc2_site32_out.json,C:\Users\clemettn\Documents\phd\casestudy_structures\concentrically_braced_frames\ec8_gen2_site_specific_designs\3s_cbf_dc2_site32\3s_cbf_dc2_site32_out.pickle,True,378151.69511831424,3061799.999999999,0.1235063345477543,0.5373858507719224,2.04,0.1453015700561816
3s_cbf_dc2_site33,0.5168192133333334,C:\Users\clemettn\Documents\phd\casestudy_structures\concentrically_braced_frames\ec8_gen2_site_specific_designs\3s_cbf_dc2_site33\3s_cbf_dc2_site33_in.json,C:\Users\clemettn\Documents\phd\casestudy_structures\concentrically_braced_frames\ec8_gen2_site_specific_designs\3s_cbf_dc2_site33\3s_cbf_dc2_site33_out.json,C:\Users\clemettn\Documents\phd\casestudy_structures\concentrically_braced_frames\ec8_gen2_site_specific_designs\3s_cbf_dc2_site33\3s_cbf_dc2_site33_out.pickle,True,368077.4868539481,3061799.999999999,0.1202160450891463,0.5373858507719224,2.04,0.1414306412813486
3s_cbf_dc2_site34,0.9357161,C:\Users\clemettn\Documents\phd\casestudy_structures\concentrically_braced_frames\ec8_gen2_site_specific_designs\3s_cbf_dc2_site34\3s_cbf_dc2_site34_in.json,C:\Users\clemettn\Documents\phd\casestudy_structures\concentrically_braced_frames\ec8_gen2_site_specific_designs\3s_cbf_dc2_site34\3s_cbf_dc2_site34_out.json,C:\Users\clemettn\Documents\phd\casestudy_structures\concentrically_braced_frames\ec8_gen2_site_specific_designs\3s_cbf_dc2_site34\3s_cbf_dc2_site34_out.pickle,True,1188508.2918876694,3061799.999999999,0.3881730654803285,0.4017607021248531,2.04,0.4566741946827393
3s_cbf_dc2_site35,0.55009328,C:\Users\clemettn\Documents\phd\casestudy_structures\concentrically_braced_frames\ec8_gen2_site_specific_designs\3s_cbf_dc2_site35\3s_cbf_dc2_site35_in.json,C:\Users\clemettn\Documents\phd\casestudy_structures\concentrically_braced_frames\ec8_gen2_site_specific_designs\3s_cbf_dc2_site35\3s_cbf_dc2_site35_out.json,C:\Users\clemettn\Documents\phd\casestudy_structures\concentrically_braced_frames\ec8_gen2_site_specific_designs\3s_cbf_dc2_site35\3s_cbf_dc2_site35_out.pickle,True,394770.5567193954,3061799.999999999,0.1289341422429275,0.5333083914301358,2.04,0.15168722616815
3s_cbf_dc2_site36,0.5347064466666667,C:\Users\clemettn\Documents\phd\casestudy_structures\concentrically_braced_frames\ec8_gen2_site_specific_designs\3s_cbf_dc2_site36\3s_cbf_dc2_site36_in.json,C:\Users\clemettn\Documents\phd\casestudy_structures\concentrically_braced_frames\ec8_gen2_site_specific_designs\3s_cbf_dc2_site36\3s_cbf_dc2_site36_out.json,C:\Users\clemettn\Documents\phd\casestudy_structures\concentrically_braced_frames\ec8_gen2_site_specific_designs\3s_cbf_dc2_site36\3s_cbf_dc2_site36_out.pickle,True,380816.7343939908,3061799.999999999,0.1243767504062939,0.5373858507719224,2.04,0.146325588713287
3s_cbf_dc2_site37,0.6580629133333334,C:\Users\clemettn\Documents\phd\casestudy_structures\concentrically_braced_frames\ec8_gen2_site_specific_designs\3s_cbf_dc2_site37\3s_cbf_dc2_site37_in.json,C:\Users\clemettn\Documents\phd\casestudy_structures\concentrically_braced_frames\ec8_gen2_site_specific_designs\3s_cbf_dc2_site37\3s_cbf_dc2_site37_out.json,C:\Users\clemettn\Documents\phd\casestudy_structures\concentrically_braced_frames\ec8_gen2_site_specific_designs\3s_cbf_dc2_site37\3s_cbf_dc2_site37_out.pickle,True,488325.6243554333,3061799.999999999,0.1594897198887691,0.5157565279068438,2.04,0.1876349645750225
3s_cbf_dc2_site38,1.1315589,C:\Users\clemettn\Documents\phd\casestudy_structures\concentrically_braced_frames\ec8_gen2_site_specific_designs\3s_cbf_dc2_site38\3s_cbf_dc2_site38_in.json,C:\Users\clemettn\Documents\phd\casestudy_structures\concentrically_braced_frames\ec8_gen2_site_specific_designs\3s_cbf_dc2_site38\3s_cbf_dc2_site38_out.json,C:\Users\clemettn\Documents\phd\casestudy_structures\concentrically_braced_frames\ec8_gen2_site_specific_designs\3s_cbf_dc2_site38\3s_cbf_dc2_site38_out.pickle,True,1443586.2666749996,3061799.999999999,0.471482875,0.3785911594959947,2.04,0.5546857352941176
3s_cbf_dc2_site39,0.5566337,C:\Users\clemettn\Documents\phd\casestudy_structures\concentrically_braced_frames\ec8_gen2_site_specific_designs\3s_cbf_dc2_site39\3s_cbf_dc2_site39_in.json,C:\Users\clemettn\Documents\phd\casestudy_structures\concentrically_braced_frames\ec8_gen2_site_specific_designs\3s_cbf_dc2_site39\3s_cbf_dc2_site39_out.json,C:\Users\clemettn\Documents\phd\casestudy_structures\concentrically_braced_frames\ec8_gen2_site_specific_designs\3s_cbf_dc2_site39\3s_cbf_dc2_site39_out.pickle,True,399464.2429330839,3061799.999999999,0.1304671248719981,0.5333083914301358,2.04,0.1534907351435272
3s_cbf_dc2_site4,0.1371606333333333,C:\Users\clemettn\Documents\phd\casestudy_structures\concentrically_braced_frames\ec8_gen2_site_specific_designs\3s_cbf_dc2_site4\3s_cbf_dc2_site4_in.json,C:\Users\clemettn\Documents\phd\casestudy_structures\concentrically_braced_frames\ec8_gen2_site_specific_designs\3s_cbf_dc2_site4\3s_cbf_dc2_site4_out.json,C:\Users\clemettn\Documents\phd\casestudy_structures\concentrically_braced_frames\ec8_gen2_site_specific_designs\3s_cbf_dc2_site4\3s_cbf_dc2_site4_out.pickle,True,79905.84271543482,3061799.999999999,0.026097668925284,0.7199782679216568,1.4599513107540394,0.026097668925284
3s_cbf_dc2_site40,0.6114638533333333,C:\Users\clemettn\Documents\phd\casestudy_structures\concentrically_braced_frames\ec8_gen2_site_specific_designs\3s_cbf_dc2_site40\3s_cbf_dc2_site40_in.json,C:\Users\clemettn\Documents\phd\casestudy_structures\concentrically_braced_frames\ec8_gen2_site_specific_designs\3s_cbf_dc2_site40\3s_cbf_dc2_site40_out.json,C:\Users\clemettn\Documents\phd\casestudy_structures\concentrically_braced_frames\ec8_gen2_site_specific_designs\3s_cbf_dc2_site40\3s_cbf_dc2_site40_out.pickle,True,453746.08095948165,3061799.999999999,0.1481958589586131,0.5157565279068439,2.04,0.1743480693630743
3s_cbf_dc2_site41,0.6941309233333334,C:\Users\clemettn\Documents\phd\casestudy_structures\concentrically_braced_frames\ec8_gen2_site_specific_designs\3s_cbf_dc2_site41\3s_cbf_dc2_site41_in.json,C:\Users\clemettn\Documents\phd\casestudy_structures\concentrically_braced_frames\ec8_gen2_site_specific_designs\3s_cbf_dc2_site41\3s_cbf_dc2_site41_out.json,C:\Users\clemettn\Documents\phd\casestudy_structures\concentrically_braced_frames\ec8_gen2_site_specific_designs\3s_cbf_dc2_site41\3s_cbf_dc2_site41_out.pickle,True,782327.4236931851,3061799.999999999,0.2555122554357519,0.4527707957683927,2.04,0.3006026534538258
3s_cbf_dc2_site42,0.72900959,C:\Users\clemettn\Documents\phd\casestudy_structures\concentrically_braced_frames\ec8_gen2_site_specific_designs\3s_cbf_dc2_site42\3s_cbf_dc2_site42_in.json,C:\Users\clemettn\Documents\phd\casestudy_structures\concentrically_braced_frames\ec8_gen2_site_specific_designs\3s_cbf_dc2_site42\3s_cbf_dc2_site42_out.json,C:\Users\clemettn\Documents\phd\casestudy_structures\concentrically_braced_frames\ec8_gen2_site_specific_designs\3s_cbf_dc2_site42\3s_cbf_dc2_site42_out.pickle,True,640536.3859607135,3061799.999999999,0.2092025559999718,0.4739201381459859,2.5,0.2461206541176139
3s_cbf_dc2_site43,0.96903141,C:\Users\clemettn\Documents\phd\casestudy_structures\concentrically_braced_frames\ec8_gen2_site_specific_designs\3s_cbf_dc2_site43\3s_cbf_dc2_site43_in.json,C:\Users\clemettn\Documents\phd\casestudy_structures\concentrically_braced_frames\ec8_gen2_site_specific_designs\3s_cbf_dc2_site43\3s_cbf_dc2_site43_out.json,C:\Users\clemettn\Documents\phd\casestudy_structures\concentrically_braced_frames\ec8_gen2_site_specific_designs\3s_cbf_dc2_site43\3s_cbf_dc2_site43_out.pickle,True,1230824.0350728172,3061799.999999999,0.4019936099917753,0.4017607021248531,2.04,0.4729336588138532
3s_cbf_dc2_site44,0.8921773233333333,C:\Users\clemettn\Documents\phd\casestudy_structures\concentrically_braced_frames\ec8_gen2_site_specific_designs\3s_cbf_dc2_site44\3s_cbf_dc2_site44_in.json,C:\Users\clemettn\Documents\phd\casestudy_structures\concentrically_braced_frames\ec8_gen2_site_specific_designs\3s_cbf_dc2_site44\3s_cbf_dc2_site44_out.json,C:\Users\clemettn\Documents\phd\casestudy_structures\concentrically_braced_frames\ec8_gen2_site_specific_designs\3s_cbf_dc2_site44\3s_cbf_dc2_site44_out.pickle,True,1061200.635103945,3061799.999999999,0.3465937145156265,0.429021688299692,2.04,0.4077573111948547
3s_cbf_dc2_site45,0.7740494933333334,C:\Users\clemettn\Documents\phd\casestudy_structures\concentrically_braced_frames\ec8_gen2_site_specific_designs\3s_cbf_dc2_site45\3s_cbf_dc2_site45_in.json,C:\Users\clemettn\Documents\phd\casestudy_structures\concentrically_braced_frames\ec8_gen2_site_specific_designs\3s_cbf_dc2_site45\3s_cbf_dc2_site45_out.json,C:\Users\clemettn\Documents\phd\casestudy_structures\concentrically_braced_frames\ec8_gen2_site_specific_designs\3s_cbf_dc2_site45\3s_cbf_dc2_site45_out.pickle,True,885918.6242812237,3061799.999999999,0.2893456869427213,0.4458620076629215,2.04,0.3404066905208486
3s_cbf_dc2_site46,0.9017500033333334,C:\Users\clemettn\Documents\phd\casestudy_structures\concentrically_braced_frames\ec8_gen2_site_specific_designs\3s_cbf_dc2_site46\3s_cbf_dc2_site46_in.json,C:\Users\clemettn\Documents\phd\casestudy_structures\concentrically_braced_frames\ec8_gen2_site_specific_designs\3s_cbf_dc2_site46\3s_cbf_dc2_site46_out.json,C:\Users\clemettn\Documents\phd\casestudy_structures\concentrically_braced_frames\ec8_gen2_site_specific_designs\3s_cbf_dc2_site46\3s_cbf_dc2_site46_out.pickle,True,1072586.8627405015,3061799.999999999,0.3503125164088124,0.429021688299692,2.04,0.4121323722456616
3s_cbf_dc2_site47,0.7225553366666667,C:\Users\clemettn\Documents\phd\casestudy_structures\concentrically_braced_frames\ec8_gen2_site_specific_designs\3s_cbf_dc2_site47\3s_cbf_dc2_site47_in.json,C:\Users\clemettn\Documents\phd\casestudy_structures\concentrically_braced_frames\ec8_gen2_site_specific_designs\3s_cbf_dc2_site47\3s_cbf_dc2_site47_out.json,C:\Users\clemettn\Documents\phd\casestudy_structures\concentrically_braced_frames\ec8_gen2_site_specific_designs\3s_cbf_dc2_site47\3s_cbf_dc2_site47_out.pickle,True,826982.2993749179,3061799.999999999,0.270096772935828,0.4458620076629214,2.04,0.3177609093362681
3s_cbf_dc2_site48,1.0691934533333332,C:\Users\clemettn\Documents\phd\casestudy_structures\concentrically_braced_frames\ec8_gen2_site_specific_designs\3s_cbf_dc2_site48\3s_cbf_dc2_site48_in.json,C:\Users\clemettn\Documents\phd\casestudy_structures\concentrically_braced_frames\ec8_gen2_site_specific_designs\3s_cbf_dc2_site48\3s_cbf_dc2_site48_out.json,C:\Users\clemettn\Documents\phd\casestudy_structures\concentrically_braced_frames\ec8_gen2_site_specific_designs\3s_cbf_dc2_site48\3s_cbf_dc2_site48_out.pickle,True,1364023.5480899997,3061799.999999999,0.4454972722222222,0.396736681611855,2.04,0.5241144379084967
3s_cbf_dc2_site49,0.8856680566666667,C:\Users\clemettn\Documents\phd\casestudy_structures\concentrically_braced_frames\ec8_gen2_site_specific_designs\3s_cbf_dc2_site49\3s_cbf_dc2_site49_in.json,C:\Users\clemettn\Documents\phd\casestudy_structures\concentrically_braced_frames\ec8_gen2_site_specific_designs\3s_cbf_dc2_site49\3s_cbf_dc2_site49_out.json,C:\Users\clemettn\Documents\phd\casestudy_structures\concentrically_braced_frames\ec8_gen2_site_specific_designs\3s_cbf_dc2_site49\3s_cbf_dc2_site49_out.pickle,True,1053458.1855481556,3061799.999999999,0.3440649897276621,0.429021688299692,2.04,0.404782340856073
3s_cbf_dc2_site5,0.2425165366666667,C:\Users\clemettn\Documents\phd\casestudy_structures\concentrically_braced_frames\ec8_gen2_site_specific_designs\3s_cbf_dc2_site5\3s_cbf_dc2_site5_in.json,C:\Users\clemettn\Documents\phd\casestudy_structures\concentrically_braced_frames\ec8_gen2_site_specific_designs\3s_cbf_dc2_site5\3s_cbf_dc2_site5_out.json,C:\Users\clemettn\Documents\phd\casestudy_structures\concentrically_braced_frames\ec8_gen2_site_specific_designs\3s_cbf_dc2_site5\3s_cbf_dc2_site5_out.pickle,True,106032.42414291254,3061799.999999999,0.0346307479727325,0.6865612912684532,2.04,0.0346307479727325
3s_cbf_dc2_site50,0.52412698,C:\Users\clemettn\Documents\phd\casestudy_structures\concentrically_braced_frames\ec8_gen2_site_specific_designs\3s_cbf_dc2_site50\3s_cbf_dc2_site50_in.json,C:\Users\clemettn\Documents\phd\casestudy_structures\concentrically_braced_frames\ec8_gen2_site_specific_designs\3s_cbf_dc2_site50\3s_cbf_dc2_site50_out.json,C:\Users\clemettn\Documents\phd\casestudy_structures\concentrically_braced_frames\ec8_gen2_site_specific_designs\3s_cbf_dc2_site50\3s_cbf_dc2_site50_out.pickle,True,373282.0619157634,3061799.999999999,0.121915886705782,0.5373858507719224,2.04,0.1434304549479789
3s_cbf_dc2_site51,1.0286714666666663,C:\Users\clemettn\Documents\phd\casestudy_structures\concentrically_braced_frames\ec8_gen2_site_specific_designs\3s_cbf_dc2_site51\3s_cbf_dc2_site51_in.json,C:\Users\clemettn\Documents\phd\casestudy_structures\concentrically_braced_frames\ec8_gen2_site_specific_designs\3s_cbf_dc2_site51\3s_cbf_dc2_site51_out.json,C:\Users\clemettn\Documents\phd\casestudy_structures\concentrically_braced_frames\ec8_gen2_site_specific_designs\3s_cbf_dc2_site51\3s_cbf_dc2_site51_out.pickle,True,1312327.6235999994,3061799.999999999,0.428613111111111,0.3967366816118549,2.04,0.5042507189542482
3s_cbf_dc2_site52,0.76739778,C:\Users\clemettn\Documents\phd\casestudy_structures\concentrically_braced_frames\ec8_gen2_site_specific_designs\3s_cbf_dc2_site52\3s_cbf_dc2_site52_in.json,C:\Users\clemettn\Documents\phd\casestudy_structures\concentrically_braced_frames\ec8_gen2_site_specific_designs\3s_cbf_dc2_site52\3s_cbf_dc2_site52_out.json,C:\Users\clemettn\Documents\phd\casestudy_structures\concentrically_braced_frames\ec8_gen2_site_specific_designs\3s_cbf_dc2_site52\3s_cbf_dc2_site52_out.pickle,True,878305.5752757876,3061799.999999999,0.2868592250557802,0.4458620076629215,2.04,0.3374814412420944
3s_cbf_dc2_site53,0.92335429,C:\Users\clemettn\Documents\phd\casestudy_structures\concentrically_braced_frames\ec8_gen2_site_specific_designs\3s_cbf_dc2_site53\3s_cbf_dc2_site53_in.json,C:\Users\clemettn\Documents\phd\casestudy_structures\concentrically_braced_frames\ec8_gen2_site_specific_designs\3s_cbf_dc2_site53\3s_cbf_dc2_site53_out.json,C:\Users\clemettn\Documents\phd\casestudy_structures\concentrically_braced_frames\ec8_gen2_site_specific_designs\3s_cbf_dc2_site53\3s_cbf_dc2_site53_out.pickle,True,1172806.8267875826,3061799.999999999,0.3830448843123597,0.4017607021248529,2.04,0.450641040367482
3s_cbf_dc2_site54,0.6987111866666668,C:\Users\clemettn\Documents\phd\casestudy_structures\concentrically_braced_frames\ec8_gen2_site_specific_designs\3s_cbf_dc2_site54\3s_cbf_dc2_site54_in.json,C:\Users\clemettn\Documents\phd\casestudy_structures\concentrically_braced_frames\ec8_gen2_site_specific_designs\3s_cbf_dc2_site54\3s_cbf_dc2_site54_out.json,C:\Users\clemettn\Documents\phd\casestudy_structures\concentrically_braced_frames\ec8_gen2_site_specific_designs\3s_cbf_dc2_site54\3s_cbf_dc2_site54_out.pickle,True,787489.6567719185,3061799.999999999,0.2571982679377878,0.4527707957683927,2.04,0.302586197573868
3s_cbf_dc2_site55,0.7096730233333334,C:\Users\clemettn\Documents\phd\casestudy_structures\concentrically_braced_frames\ec8_gen2_site_specific_designs\3s_cbf_dc2_site55\3s_cbf_dc2_site55_in.json,C:\Users\clemettn\Documents\phd\casestudy_structures\concentrically_braced_frames\ec8_gen2_site_specific_designs\3s_cbf_dc2_site55\3s_cbf_dc2_site55_out.json,C:\Users\clemettn\Documents\phd\casestudy_structures\concentrically_braced_frames\ec8_gen2_site_specific_designs\3s_cbf_dc2_site55\3s_cbf_dc2_site55_out.pickle,True,803956.4248129174,3061799.999999999,0.2625764010754842,0.4504549408772649,2.04,0.3089134130299814
3s_cbf_dc2_site56,0.74233708,C:\Users\clemettn\Documents\phd\casestudy_structures\concentrically_braced_frames\ec8_gen2_site_specific_designs\3s_cbf_dc2_site56\3s_cbf_dc2_site56_in.json,C:\Users\clemettn\Documents\phd\casestudy_structures\concentrically_braced_frames\ec8_gen2_site_specific_designs\3s_cbf_dc2_site56\3s_cbf_dc2_site56_out.json,C:\Users\clemettn\Documents\phd\casestudy_structures\concentrically_braced_frames\ec8_gen2_site_specific_designs\3s_cbf_dc2_site56\3s_cbf_dc2_site56_out.pickle,True,652246.440801731,3061799.999999999,0.2130271215630449,0.4739201381459859,2.5,0.250620143015347
3s_cbf_dc2_site57,0.6910699166666666,C:\Users\clemettn\Documents\phd\casestudy_structures\concentrically_braced_frames\ec8_gen2_site_specific_designs\3s_cbf_dc2_site57\3s_cbf_dc2_site57_in.json,C:\Users\clemettn\Documents\phd\casestudy_structures\concentrically_braced_frames\ec8_gen2_site_specific_designs\3s_cbf_dc2_site57\3s_cbf_dc2_site57_out.json,C:\Users\clemettn\Documents\phd\casestudy_structures\concentrically_braced_frames\ec8_gen2_site_specific_designs\3s_cbf_dc2_site57\3s_cbf_dc2_site57_out.pickle,True,778877.4845261741,3061799.999999999,0.2543854871403012,0.4527707957683927,2.04,0.299277043694472
3s_cbf_dc2_site58,0.58156854,C:\Users\clemettn\Documents\phd\casestudy_structures\concentrically_braced_frames\ec8_gen2_site_specific_designs\3s_cbf_dc2_site58\3s_cbf_dc2_site58_in.json,C:\Users\clemettn\Documents\phd\casestudy_structures\concentrically_braced_frames\ec8_gen2_site_specific_designs\3s_cbf_dc2_site58\3s_cbf_dc2_site58_out.json,C:\Users\clemettn\Documents\phd\casestudy_structures\concentrically_braced_frames\ec8_gen2_site_specific_designs\3s_cbf_dc2_site58\3s_cbf_dc2_site58_out.pickle,True,417358.5547278198,3061799.999999999,0.1363115013155072,0.533308391430136,2.04,0.1603664721358908
3s_cbf_dc2_site59,0.984548,C:\Users\clemettn\Documents\phd\casestudy_structures\concentrically_braced_frames\ec8_gen2_site_specific_designs\3s_cbf_dc2_site59\3s_cbf_dc2_site59_in.json,C:\Users\clemettn\Documents\phd\casestudy_structures\concentrically_braced_frames\ec8_gen2_site_specific_designs\3s_cbf_dc2_site59\3s_cbf_dc2_site59_out.json,C:\Users\clemettn\Documents\phd\casestudy_structures\concentrically_braced_frames\ec8_gen2_site_specific_designs\3s_cbf_dc2_site59\3s_cbf_dc2_site59_out.pickle,True,1250532.5726055377,3061799.999999999,0.4084305221129851,0.4017607021248533,2.04,0.4805064966035119
3s_cbf_dc2_site6,0.2695994766666666,C:\Users\clemettn\Documents\phd\casestudy_structures\concentrically_braced_frames\ec8_gen2_site_specific_designs\3s_cbf_dc2_site6\3s_cbf_dc2_site6_in.json,C:\Users\clemettn\Documents\phd\casestudy_structures\concentrically_braced_frames\ec8_gen2_site_specific_designs\3s_cbf_dc2_site6\3s_cbf_dc2_site6_out.json,C:\Users\clemettn\Documents\phd\casestudy_structures\concentrically_braced_frames\ec8_gen2_site_specific_designs\3s_cbf_dc2_site6\3s_cbf_dc2_site6_out.pickle,True,117873.55390910283,3061799.999999999,0.0384981232964605,0.6865612912684532,2.04,0.0384981232964605
3s_cbf_dc2_site7,0.34372996,C:\Users\clemettn\Documents\phd\casestudy_structures\concentrically_braced_frames\ec8_gen2_site_specific_designs\3s_cbf_dc2_site7\3s_cbf_dc2_site7_in.json,C:\Users\clemettn\Documents\phd\casestudy_structures\concentrically_braced_frames\ec8_gen2_site_specific_designs\3s_cbf_dc2_site7\3s_cbf_dc2_site7_out.json,C:\Users\clemettn\Documents\phd\casestudy_structures\concentrically_braced_frames\ec8_gen2_site_specific_designs\3s_cbf_dc2_site7\3s_cbf_dc2_site7_out.pickle,True,226305.71937417545,3061799.999999999,0.0739126394193531,0.5813111984301537,2.04,0.0869560463757096
3s_cbf_dc2_site8,0.14322816,C:\Users\clemettn\Documents\phd\casestudy_structures\concentrically_braced_frames\ec8_gen2_site_specific_designs\3s_cbf_dc2_site8\3s_cbf_dc2_site8_in.json,C:\Users\clemettn\Documents\phd\casestudy_structures\concentrically_braced_frames\ec8_gen2_site_specific_designs\3s_cbf_dc2_site8\3s_cbf_dc2_site8_out.json,C:\Users\clemettn\Documents\phd\casestudy_structures\concentrically_braced_frames\ec8_gen2_site_specific_designs\3s_cbf_dc2_site8\3s_cbf_dc2_site8_out.pickle,True,79905.84271543489,3061799.999999999,0.0260976689252841,0.7199782679216568,1.524534663096159,0.0260976689252841
3s_cbf_dc2_site9,0.3272087666666667,C:\Users\clemettn\Documents\phd\casestudy_structures\concentrically_braced_frames\ec8_gen2_site_specific_designs\3s_cbf_dc2_site9\3s_cbf_dc2_site9_in.json,C:\Users\clemettn\Documents\phd\casestudy_structures\concentrically_braced_frames\ec8_gen2_site_specific_designs\3s_cbf_dc2_site9\3s_cbf_dc2_site9_out.json,C:\Users\clemettn\Documents\phd\casestudy_structures\concentrically_braced_frames\ec8_gen2_site_specific_designs\3s_cbf_dc2_site9\3s_cbf_dc2_site9_out.pickle,True,125404.96313984985,3061799.999999999,0.0409579212031647,0.6391120585316887,2.5,0.0409579212031647
5s_cbf_dc2_site0,0.2095940633333333,C:\Users\clemettn\Documents\phd\casestudy_structures\concentrically_braced_frames\ec8_gen2_site_specific_designs\5s_cbf_dc2_site0\5s_cbf_dc2_site0_in.json,C:\Users\clemettn\Documents\phd\casestudy_structures\concentrically_braced_frames\ec8_gen2_site_specific_designs\5s_cbf_dc2_site0\5s_cbf_dc2_site0_out.json,C:\Users\clemettn\Documents\phd\casestudy_structures\concentrically_braced_frames\ec8_gen2_site_specific_designs\5s_cbf_dc2_site0\5s_cbf_dc2_site0_out.pickle,True,164068.65224614358,5178599.999999999,0.031682047705199015,1.0326734734759246,1.281246547173195,0.031682047705199015
5s_cbf_dc2_site1,0.27397254,C:\Users\clemettn\Documents\phd\casestudy_structures\concentrically_braced_frames\ec8_gen2_site_specific_designs\5s_cbf_dc2_site1\5s_cbf_dc2_site1_in.json,C:\Users\clemettn\Documents\phd\casestudy_structures\concentrically_braced_frames\ec8_gen2_site_specific_designs\5s_cbf_dc2_site1\5s_cbf_dc2_site1_out.json,C:\Users\clemettn\Documents\phd\casestudy_structures\concentrically_braced_frames\ec8_gen2_site_specific_designs\5s_cbf_dc2_site1\5s_cbf_dc2_site1_out.pickle,True,164068.65224614317,5178599.999999999,0.03168204770519893,1.0326734734759246,1.674791572397769,0.03168204770519894
5s_cbf_dc2_site10,0.3945794766666666,C:\Users\clemettn\Documents\phd\casestudy_structures\concentrically_braced_frames\ec8_gen2_site_specific_designs\5s_cbf_dc2_site10\5s_cbf_dc2_site10_in.json,C:\Users\clemettn\Documents\phd\casestudy_structures\concentrically_braced_frames\ec8_gen2_site_specific_designs\5s_cbf_dc2_site10\5s_cbf_dc2_site10_out.json,C:\Users\clemettn\Documents\phd\casestudy_structures\concentrically_braced_frames\ec8_gen2_site_specific_designs\5s_cbf_dc2_site10\5s_cbf_dc2_site10_out.pickle,True,327269.4908582564,5178599.999999999,0.06319651852976799,0.9181897195827065,2.04,0.06319651852976797
5s_cbf_dc2_site11,0.3554570966666666,C:\Users\clemettn\Documents\phd\casestudy_structures\concentrically_braced_frames\ec8_gen2_site_specific_designs\5s_cbf_dc2_site11\5s_cbf_dc2_site11_in.json,C:\Users\clemettn\Documents\phd\casestudy_structures\concentrically_braced_frames\ec8_gen2_site_specific_designs\5s_cbf_dc2_site11\5s_cbf_dc2_site11_out.json,C:\Users\clemettn\Documents\phd\casestudy_structures\concentrically_braced_frames\ec8_gen2_site_specific_designs\5s_cbf_dc2_site11\5s_cbf_dc2_site11_out.pickle,True,292988.5784285851,5178599.999999999,0.056576792652181115,0.9239318809099223,2.04,0.05657679265218112
5s_cbf_dc2_site12,0.2873592966666666,C:\Users\clemettn\Documents\phd\casestudy_structures\concentrically_braced_frames\ec8_gen2_site_specific_designs\5s_cbf_dc2_site12\5s_cbf_dc2_site12_in.json,C:\Users\clemettn\Documents\phd\casestudy_structures\concentrically_braced_frames\ec8_gen2_site_specific_designs\5s_cbf_dc2_site12\5s_cbf_dc2_site12_out.json,C:\Users\clemettn\Documents\phd\casestudy_structures\concentrically_braced_frames\ec8_gen2_site_specific_designs\5s_cbf_dc2_site12\5s_cbf_dc2_site12_out.pickle,True,164068.65224614344,5178599.999999999,0.03168204770519899,1.0326734734759246,1.7566246905893665,0.03168204770519899
5s_cbf_dc2_site13,0.2818172766666666,C:\Users\clemettn\Documents\phd\casestudy_structures\concentrically_braced_frames\ec8_gen2_site_specific_designs\5s_cbf_dc2_site13\5s_cbf_dc2_site13_in.json,C:\Users\clemettn\Documents\phd\casestudy_structures\concentrically_braced_frames\ec8_gen2_site_specific_designs\5s_cbf_dc2_site13\5s_cbf_dc2_site13_out.json,C:\Users\clemettn\Documents\phd\casestudy_structures\concentrically_braced_frames\ec8_gen2_site_specific_designs\5s_cbf_dc2_site13\5s_cbf_dc2_site13_out.pickle,True,164068.6522461428,5178599.999999999,0.03168204770519886,1.0326734734759246,1.7227463742075204,0.03168204770519886
5s_cbf_dc2_site14,0.31311126,C:\Users\clemettn\Documents\phd\casestudy_structures\concentrically_braced_frames\ec8_gen2_site_specific_designs\5s_cbf_dc2_site14\5s_cbf_dc2_site14_in.json,C:\Users\clemettn\Documents\phd\casestudy_structures\concentrically_braced_frames\ec8_gen2_site_specific_designs\5s_cbf_dc2_site14\5s_cbf_dc2_site14_out.json,C:\Users\clemettn\Documents\phd\casestudy_structures\concentrically_braced_frames\ec8_gen2_site_specific_designs\5s_cbf_dc2_site14\5s_cbf_dc2_site14_out.pickle,True,164068.65224614326,5178599.999999999,0.03168204770519895,1.0326734734759246,1.91404620138517,0.03168204770519895
5s_cbf_dc2_site15,0.3194166266666666,C:\Users\clemettn\Documents\phd\casestudy_structures\concentrically_braced_frames\ec8_gen2_site_specific_designs\5s_cbf_dc2_site15\5s_cbf_dc2_site15_in.json,C:\Users\clemettn\Documents\phd\casestudy_structures\concentrically_braced_frames\ec8_gen2_site_specific_designs\5s_cbf_dc2_site15\5s_cbf_dc2_site15_out.json,C:\Users\clemettn\Documents\phd\casestudy_structures\concentrically_braced_frames\ec8_gen2_site_specific_designs\5s_cbf_dc2_site15\5s_cbf_dc2_site15_out.pickle,True,164068.65224614282,5178599.999999999,0.03168204770519887,1.0326734734759246,1.9525908487947696,0.03168204770519887
5s_cbf_dc2_site16,0.2447261666666667,C:\Users\clemettn\Documents\phd\casestudy_structures\concentrically_braced_frames\ec8_gen2_site_specific_designs\5s_cbf_dc2_site16\5s_cbf_dc2_site16_in.json,C:\Users\clemettn\Documents\phd\casestudy_structures\concentrically_braced_frames\ec8_gen2_site_specific_designs\5s_cbf_dc2_site16\5s_cbf_dc2_site16_out.json,C:\Users\clemettn\Documents\phd\casestudy_structures\concentrically_braced_frames\ec8_gen2_site_specific_designs\5s_cbf_dc2_site16\5s_cbf_dc2_site16_out.pickle,True,164068.6522461432,5178599.999999999,0.03168204770519894,1.0326734734759246,1.4960087659826973,0.031682047705198946
5s_cbf_dc2_site17,0.4033222566666667,C:\Users\clemettn\Documents\phd\casestudy_structures\concentrically_braced_frames\ec8_gen2_site_specific_designs\5s_cbf_dc2_site17\5s_cbf_dc2_site17_in.json,C:\Users\clemettn\Documents\phd\casestudy_structures\concentrically_braced_frames\ec8_gen2_site_specific_designs\5s_cbf_dc2_site17\5s_cbf_dc2_site17_out.json,C:\Users\clemettn\Documents\phd\casestudy_structures\concentrically_braced_frames\ec8_gen2_site_specific_designs\5s_cbf_dc2_site17\5s_cbf_dc2_site17_out.pickle,True,336311.6608645192,5178599.999999999,0.06494258310441417,0.9133005453950903,2.04,0.06494258310441418
5s_cbf_dc2_site18,0.3851585133333333,C:\Users\clemettn\Documents\phd\casestudy_structures\concentrically_braced_frames\ec8_gen2_site_specific_designs\5s_cbf_dc2_site18\5s_cbf_dc2_site18_in.json,C:\Users\clemettn\Documents\phd\casestudy_structures\concentrically_braced_frames\ec8_gen2_site_specific_designs\5s_cbf_dc2_site18\5s_cbf_dc2_site18_out.json,C:\Users\clemettn\Documents\phd\casestudy_structures\concentrically_braced_frames\ec8_gen2_site_specific_designs\5s_cbf_dc2_site18\5s_cbf_dc2_site18_out.pickle,True,319455.6179737857,5178599.999999999,0.061687641056228655,0.9181897195827065,2.04,0.06168764105622866
5s_cbf_dc2_site19,0.1812650333333333,C:\Users\clemettn\Documents\phd\casestudy_structures\concentrically_braced_frames\ec8_gen2_site_specific_designs\5s_cbf_dc2_site19\5s_cbf_dc2_site19_in.json,C:\Users\clemettn\Documents\phd\casestudy_structures\concentrically_braced_frames\ec8_gen2_site_specific_designs\5s_cbf_dc2_site19\5s_cbf_dc2_site19_out.json,C:\Users\clemettn\Documents\phd\casestudy_structures\concentrically_braced_frames\ec8_gen2_site_specific_designs\5s_cbf_dc2_site19\5s_cbf_dc2_site19_out.pickle,True,164068.6522461436,5178599.999999999,0.03168204770519902,1.0326734734759246,1.1080714519676556,0.03168204770519902
5s_cbf_dc2_site2,0.2444998366666666,C:\Users\clemettn\Documents\phd\casestudy_structures\concentrically_braced_frames\ec8_gen2_site_specific_designs\5s_cbf_dc2_site2\5s_cbf_dc2_site2_in.json,C:\Users\clemettn\Documents\phd\casestudy_structures\concentrically_braced_frames\ec8_gen2_site_specific_designs\5s_cbf_dc2_site2\5s_cbf_dc2_site2_out.json,C:\Users\clemettn\Documents\phd\casestudy_structures\concentrically_braced_frames\ec8_gen2_site_specific_designs\5s_cbf_dc2_site2\5s_cbf_dc2_site2_out.pickle,True,164068.65224614303,5178599.999999999,0.031682047705198904,1.0326734734759246,1.4946252128113446,0.03168204770519891
5s_cbf_dc2_site20,0.3247466333333333,C:\Users\clemettn\Documents\phd\casestudy_structures\concentrically_braced_frames\ec8_gen2_site_specific_designs\5s_cbf_dc2_site20\5s_cbf_dc2_site20_in.json,C:\Users\clemettn\Documents\phd\casestudy_structures\concentrically_braced_frames\ec8_gen2_site_specific_designs\5s_cbf_dc2_site20\5s_cbf_dc2_site20_out.json,C:\Users\clemettn\Documents\phd\casestudy_structures\concentrically_braced_frames\ec8_gen2_site_specific_designs\5s_cbf_dc2_site20\5s_cbf_dc2_site20_out.pickle,True,164068.65224614358,5178599.999999999,0.031682047705199015,1.0326734734759246,1.9851731296545772,0.031682047705199015
5s_cbf_dc2_site21,0.4283516866666666,C:\Users\clemettn\Documents\phd\casestudy_structures\concentrically_braced_frames\ec8_gen2_site_specific_designs\5s_cbf_dc2_site21\5s_cbf_dc2_site21_in.json,C:\Users\clemettn\Documents\phd\casestudy_structures\concentrically_braced_frames\ec8_gen2_site_specific_designs\5s_cbf_dc2_site21\5s_cbf_dc2_site21_out.json,C:\Users\clemettn\Documents\phd\casestudy_structures\concentrically_braced_frames\ec8_gen2_site_specific_designs\5s_cbf_dc2_site21\5s_cbf_dc2_site21_out.pickle,True,360497.1328564439,5178599.999999999,0.06961285537721468,0.9049031929044776,2.04,0.06961285537721469
5s_cbf_dc2_site22,0.3265701233333333,C:\Users\clemettn\Documents\phd\casestudy_structures\concentrically_braced_frames\ec8_gen2_site_specific_designs\5s_cbf_dc2_site22\5s_cbf_dc2_site22_in.json,C:\Users\clemettn\Documents\phd\casestudy_structures\concentrically_braced_frames\ec8_gen2_site_specific_designs\5s_cbf_dc2_site22\5s_cbf_dc2_site22_out.json,C:\Users\clemettn\Documents\phd\casestudy_structures\concentrically_braced_frames\ec8_gen2_site_specific_designs\5s_cbf_dc2_site22\5s_cbf_dc2_site22_out.pickle,True,164068.65224614282,5178599.999999999,0.03168204770519887,1.0326734734759246,1.9963201069551275,0.03168204770519887
5s_cbf_dc2_site23,0.24931882,C:\Users\clemettn\Documents\phd\casestudy_structures\concentrically_braced_frames\ec8_gen2_site_specific_designs\5s_cbf_dc2_site23\5s_cbf_dc2_site23_in.json,C:\Users\clemettn\Documents\phd\casestudy_structures\concentrically_braced_frames\ec8_gen2_site_specific_designs\5s_cbf_dc2_site23\5s_cbf_dc2_site23_out.json,C:\Users\clemettn\Documents\phd\casestudy_structures\concentrically_braced_frames\ec8_gen2_site_specific_designs\5s_cbf_dc2_site23\5s_cbf_dc2_site23_out.pickle,True,164068.65224614317,5178599.999999999,0.03168204770519893,1.0326734734759246,1.524083612818118,0.03168204770519894
5s_cbf_dc2_site24,0.39383245,C:\Users\clemettn\Documents\phd\casestudy_structures\concentrically_braced_frames\ec8_gen2_site_specific_designs\5s_cbf_dc2_site24\5s_cbf_dc2_site24_in.json,C:\Users\clemettn\Documents\phd\casestudy_structures\concentrically_braced_frames\ec8_gen2_site_specific_designs\5s_cbf_dc2_site24\5s_cbf_dc2_site24_out.json,C:\Users\clemettn\Documents\phd\casestudy_structures\concentrically_braced_frames\ec8_gen2_site_specific_designs\5s_cbf_dc2_site24\5s_cbf_dc2_site24_out.pickle,True,326649.89695813047,5178599.999999999,0.06307687347123364,0.9181897195827065,2.04,0.06307687347123364
5s_cbf_dc2_site25,0.2152472133333333,C:\Users\clemettn\Documents\phd\casestudy_structures\concentrically_braced_frames\ec8_gen2_site_specific_designs\5s_cbf_dc2_site25\5s_cbf_dc2_site25_in.json,C:\Users\clemettn\Documents\phd\casestudy_structures\concentrically_braced_frames\ec8_gen2_site_specific_designs\5s_cbf_dc2_site25\5s_cbf_dc2_site25_out.json,C:\Users\clemettn\Documents\phd\casestudy_structures\concentrically_braced_frames\ec8_gen2_site_specific_designs\5s_cbf_dc2_site25\5s_cbf_dc2_site25_out.pickle,True,164068.65224614384,5178599.999999999,0.031682047705199064,1.0172458029582783,1.3357598427913129,0.03168204770519907
5s_cbf_dc2_site26,0.1930182933333333,C:\Users\clemettn\Documents\phd\casestudy_structures\concentrically_braced_frames\ec8_gen2_site_specific_designs\5s_cbf_dc2_site26\5s_cbf_dc2_site26_in.json,C:\Users\clemettn\Documents\phd\casestudy_structures\concentrically_braced_frames\ec8_gen2_site_specific_designs\5s_cbf_dc2_site26\5s_cbf_dc2_site26_out.json,C:\Users\clemettn\Documents\phd\casestudy_structures\concentrically_braced_frames\ec8_gen2_site_specific_designs\5s_cbf_dc2_site26\5s_cbf_dc2_site26_out.pickle,True,164068.6522461438,5178599.999999999,0.03168204770519906,1.0172458029582783,1.1978138121561166,0.031682047705199064
5s_cbf_dc2_site27,0.1929859933333333,C:\Users\clemettn\Documents\phd\casestudy_structures\concentrically_braced_frames\ec8_gen2_site_specific_designs\5s_cbf_dc2_site27\5s_cbf_dc2_site27_in.json,C:\Users\clemettn\Documents\phd\casestudy_structures\concentrically_braced_frames\ec8_gen2_site_specific_designs\5s_cbf_dc2_site27\5s_cbf_dc2_site27_out.json,C:\Users\clemettn\Documents\phd\casestudy_structures\concentrically_braced_frames\ec8_gen2_site_specific_designs\5s_cbf_dc2_site27\5s_cbf_dc2_site27_out.pickle,True,164068.65224614352,5178599.999999999,0.031682047705199,1.0326734734759246,1.1797215707292343,0.03168204770519901
5s_cbf_dc2_site28,0.3071502733333333,C:\Users\clemettn\Documents\phd\casestudy_structures\concentrically_braced_frames\ec8_gen2_site_specific_designs\5s_cbf_dc2_site28\5s_cbf_dc2_site28_in.json,C:\Users\clemettn\Documents\phd\casestudy_structures\concentrically_braced_frames\ec8_gen2_site_specific_designs\5s_cbf_dc2_site28\5s_cbf_dc2_site28_out.json,C:\Users\clemettn\Documents\phd\casestudy_structures\concentrically_braced_frames\ec8_gen2_site_specific_designs\5s_cbf_dc2_site28\5s_cbf_dc2_site28_out.pickle,True,164068.65224614317,5178599.999999999,0.03168204770519893,1.0326734734759246,1.877606745691878,0.03168204770519894
5s_cbf_dc2_site29,0.1343193833333333,C:\Users\clemettn\Documents\phd\casestudy_structures\concentrically_braced_frames\ec8_gen2_site_specific_designs\5s_cbf_dc2_site29\5s_cbf_dc2_site29_in.json,C:\Users\clemettn\Documents\phd\casestudy_structures\concentrically_braced_frames\ec8_gen2_site_specific_designs\5s_cbf_dc2_site29\5s_cbf_dc2_site29_out.json,C:\Users\clemettn\Documents\phd\casestudy_structures\concentrically_braced_frames\ec8_gen2_site_specific_designs\5s_cbf_dc2_site29\5s_cbf_dc2_site29_out.pickle,True,134715.6436949412,5178599.999999999,0.026013911809164875,1.0326734734759246,1.0,0.02601391180916487
5s_cbf_dc2_site3,0.2291349633333333,C:\Users\clemettn\Documents\phd\casestudy_structures\concentrically_braced_frames\ec8_gen2_site_specific_designs\5s_cbf_dc2_site3\5s_cbf_dc2_site3_in.json,C:\Users\clemettn\Documents\phd\casestudy_structures\concentrically_braced_frames\ec8_gen2_site_specific_designs\5s_cbf_dc2_site3\5s_cbf_dc2_site3_out.json,C:\Users\clemettn\Documents\phd\casestudy_structures\concentrically_braced_frames\ec8_gen2_site_specific_designs\5s_cbf_dc2_site3\5s_cbf_dc2_site3_out.pickle,True,164068.65224614364,5178599.999999999,0.03168204770519902,1.0326734734759246,1.4006998859533053,0.03168204770519903
5s_cbf_dc2_site30,0.6490430566666667,C:\Users\clemettn\Documents\phd\casestudy_structures\concentrically_braced_frames\ec8_gen2_site_specific_designs\5s_cbf_dc2_site30\5s_cbf_dc2_site30_in.json,C:\Users\clemettn\Documents\phd\casestudy_structures\concentrically_braced_frames\ec8_gen2_site_specific_designs\5s_cbf_dc2_site30\5s_cbf_dc2_site30_out.json,C:\Users\clemettn\Documents\phd\casestudy_structures\concentrically_braced_frames\ec8_gen2_site_specific_designs\5s_cbf_dc2_site30\5s_cbf_dc2_site30_out.pickle,True,609497.8181907178,5178599.999999999,0.11769548105486385,0.8109700345150922,2.04,0.11769548105486387
5s_cbf_dc2_site31,0.9716327,C:\Users\clemettn\Documents\phd\casestudy_structures\concentrically_braced_frames\ec8_gen2_site_specific_designs\5s_cbf_dc2_site31\5s_cbf_dc2_site31_in.json,C:\Users\clemettn\Documents\phd\casestudy_structures\concentrically_braced_frames\ec8_gen2_site_specific_designs\5s_cbf_dc2_site31\5s_cbf_dc2_site31_out.json,C:\Users\clemettn\Documents\phd\casestudy_structures\concentrically_braced_frames\ec8_gen2_site_specific_designs\5s_cbf_dc2_site31\5s_cbf_dc2_site31_out.pickle,True,1251747.9474802562,5178599.999999999,0.24171551142784853,0.6699561082229993,2.04,0.28437118991511595
5s_cbf_dc2_site32,0.5309644533333333,C:\Users\clemettn\Documents\phd\casestudy_structures\concentrically_braced_frames\ec8_gen2_site_specific_designs\5s_cbf_dc2_site32\5s_cbf_dc2_site32_in.json,C:\Users\clemettn\Documents\phd\casestudy_structures\concentrically_braced_frames\ec8_gen2_site_specific_designs\5s_cbf_dc2_site32\5s_cbf_dc2_site32_out.json,C:\Users\clemettn\Documents\phd\casestudy_structures\concentrically_braced_frames\ec8_gen2_site_specific_designs\5s_cbf_dc2_site32\5s_cbf_dc2_site32_out.pickle,True,474184.38917656546,5178599.999999999,0.09156613547610658,0.8527498450943399,2.04,0.09156613547610659
5s_cbf_dc2_site33,0.5168192133333334,C:\Users\clemettn\Documents\phd\casestudy_structures\concentrically_braced_frames\ec8_gen2_site_specific_designs\5s_cbf_dc2_site33\5s_cbf_dc2_site33_in.json,C:\Users\clemettn\Documents\phd\casestudy_structures\concentrically_braced_frames\ec8_gen2_site_specific_designs\5s_cbf_dc2_site33\5s_cbf_dc2_site33_out.json,C:\Users\clemettn\Documents\phd\casestudy_structures\concentrically_braced_frames\ec8_gen2_site_specific_designs\5s_cbf_dc2_site33\5s_cbf_dc2_site33_out.pickle,True,456315.7909792959,5178599.999999999,0.08811566658542772,0.8625347618123244,2.04,0.08811566658542772
5s_cbf_dc2_site34,0.9357161,C:\Users\clemettn\Documents\phd\casestudy_structures\concentrically_braced_frames\ec8_gen2_site_specific_designs\5s_cbf_dc2_site34\5s_cbf_dc2_site34_in.json,C:\Users\clemettn\Documents\phd\casestudy_structures\concentrically_braced_frames\ec8_gen2_site_specific_designs\5s_cbf_dc2_site34\5s_cbf_dc2_site34_out.json,C:\Users\clemettn\Documents\phd\casestudy_structures\concentrically_braced_frames\ec8_gen2_site_specific_designs\5s_cbf_dc2_site34\5s_cbf_dc2_site34_out.pickle,True,1183622.91656284,5178599.999999999,0.22856040562368987,0.6823258950200654,2.04,0.2688945948513998
5s_cbf_dc2_site35,0.55009328,C:\Users\clemettn\Documents\phd\casestudy_structures\concentrically_braced_frames\ec8_gen2_site_specific_designs\5s_cbf_dc2_site35\5s_cbf_dc2_site35_in.json,C:\Users\clemettn\Documents\phd\casestudy_structures\concentrically_braced_frames\ec8_gen2_site_specific_designs\5s_cbf_dc2_site35\5s_cbf_dc2_site35_out.json,C:\Users\clemettn\Documents\phd\casestudy_structures\concentrically_braced_frames\ec8_gen2_site_specific_designs\5s_cbf_dc2_site35\5s_cbf_dc2_site35_out.pickle,True,491267.62503473565,5178599.999999999,0.09486494902767847,0.8527498450943399,2.04,0.09486494902767849
5s_cbf_dc2_site36,0.5347064466666667,C:\Users\clemettn\Documents\phd\casestudy_structures\concentrically_braced_frames\ec8_gen2_site_specific_designs\5s_cbf_dc2_site36\5s_cbf_dc2_site36_in.json,C:\Users\clemettn\Documents\phd\casestudy_structures\concentrically_braced_frames\ec8_gen2_site_specific_designs\5s_cbf_dc2_site36\5s_cbf_dc2_site36_out.json,C:\Users\clemettn\Documents\phd\casestudy_structures\concentrically_braced_frames\ec8_gen2_site_specific_designs\5s_cbf_dc2_site36\5s_cbf_dc2_site36_out.pickle,True,477526.2227248003,5178599.999999999,0.09221145149747043,0.8527498450943399,2.04,0.09221145149747044
5s_cbf_dc2_site37,0.6580629133333334,C:\Users\clemettn\Documents\phd\casestudy_structures\concentrically_braced_frames\ec8_gen2_site_specific_designs\5s_cbf_dc2_site37\5s_cbf_dc2_site37_in.json,C:\Users\clemettn\Documents\phd\casestudy_structures\concentrically_braced_frames\ec8_gen2_site_specific_designs\5s_cbf_dc2_site37\5s_cbf_dc2_site37_out.json,C:\Users\clemettn\Documents\phd\casestudy_structures\concentrically_braced_frames\ec8_gen2_site_specific_designs\5s_cbf_dc2_site37\5s_cbf_dc2_site37_out.pickle,True,617968.1082620128,5178599.999999999,0.11933111425134456,0.8109700345150918,2.04,0.11933111425134457
5s_cbf_dc2_site38,1.1315589,C:\Users\clemettn\Documents\phd\casestudy_structures\concentrically_braced_frames\ec8_gen2_site_specific_designs\5s_cbf_dc2_site38\5s_cbf_dc2_site38_in.json,C:\Users\clemettn\Documents\phd\casestudy_structures\concentrically_braced_frames\ec8_gen2_site_specific_designs\5s_cbf_dc2_site38\5s_cbf_dc2_site38_out.json,C:\Users\clemettn\Documents\phd\casestudy_structures\concentrically_braced_frames\ec8_gen2_site_specific_designs\5s_cbf_dc2_site38\5s_cbf_dc2_site38_out.pickle,True,1541828.1953574948,5178599.999999999,0.29773069852035206,0.6334353526097958,2.04,0.3502714100239436
5s_cbf_dc2_site39,0.5566337,C:\Users\clemettn\Documents\phd\casestudy_structures\concentrically_braced_frames\ec8_gen2_site_specific_designs\5s_cbf_dc2_site39\5s_cbf_dc2_site39_in.json,C:\Users\clemettn\Documents\phd\casestudy_structures\concentrically_braced_frames\ec8_gen2_site_specific_designs\5s_cbf_dc2_site39\5s_cbf_dc2_site39_out.json,C:\Users\clemettn\Documents\phd\casestudy_structures\concentrically_braced_frames\ec8_gen2_site_specific_designs\5s_cbf_dc2_site39\5s_cbf_dc2_site39_out.pickle,True,505144.32512097055,5178599.999999999,0.09754457288088877,0.8391845352460543,2.04,0.09754457288088879
5s_cbf_dc2_site4,0.1371606333333333,C:\Users\clemettn\Documents\phd\casestudy_structures\concentrically_braced_frames\ec8_gen2_site_specific_designs\5s_cbf_dc2_site4\5s_cbf_dc2_site4_in.json,C:\Users\clemettn\Documents\phd\casestudy_structures\concentrically_braced_frames\ec8_gen2_site_specific_designs\5s_cbf_dc2_site4\5s_cbf_dc2_site4_out.json,C:\Users\clemettn\Documents\phd\casestudy_structures\concentrically_braced_frames\ec8_gen2_site_specific_designs\5s_cbf_dc2_site4\5s_cbf_dc2_site4_out.pickle,True,137565.27576701803,5178599.999999999,0.026564182552623886,1.0326734734759246,1.0,0.026564182552623886
5s_cbf_dc2_site40,0.6114638533333333,C:\Users\clemettn\Documents\phd\casestudy_structures\concentrically_braced_frames\ec8_gen2_site_specific_designs\5s_cbf_dc2_site40\5s_cbf_dc2_site40_in.json,C:\Users\clemettn\Documents\phd\casestudy_structures\concentrically_braced_frames\ec8_gen2_site_specific_designs\5s_cbf_dc2_site40\5s_cbf_dc2_site40_out.json,C:\Users\clemettn\Documents\phd\casestudy_structures\concentrically_braced_frames\ec8_gen2_site_specific_designs\5s_cbf_dc2_site40\5s_cbf_dc2_site40_out.pickle,True,559874.1419716023,5178599.999999999,0.1081130309295181,0.8317328089764026,2.04,0.1081130309295181
5s_cbf_dc2_site41,0.6941309233333334,C:\Users\clemettn\Documents\phd\casestudy_structures\concentrically_braced_frames\ec8_gen2_site_specific_designs\5s_cbf_dc2_site41\5s_cbf_dc2_site41_in.json,C:\Users\clemettn\Documents\phd\casestudy_structures\concentrically_braced_frames\ec8_gen2_site_specific_designs\5s_cbf_dc2_site41\5s_cbf_dc2_site41_out.json,C:\Users\clemettn\Documents\phd\casestudy_structures\concentrically_braced_frames\ec8_gen2_site_specific_designs\5s_cbf_dc2_site41\5s_cbf_dc2_site41_out.pickle,True,795613.6297361512,5178599.999999999,0.15363488775656575,0.7530092214831469,2.04,0.18074692677243032
5s_cbf_dc2_site42,0.72900959,C:\Users\clemettn\Documents\phd\casestudy_structures\concentrically_braced_frames\ec8_gen2_site_specific_designs\5s_cbf_dc2_site42\5s_cbf_dc2_site42_in.json,C:\Users\clemettn\Documents\phd\casestudy_structures\concentrically_braced_frames\ec8_gen2_site_specific_designs\5s_cbf_dc2_site42\5s_cbf_dc2_site42_out.json,C:\Users\clemettn\Documents\phd\casestudy_structures\concentrically_braced_frames\ec8_gen2_site_specific_designs\5s_cbf_dc2_site42\5s_cbf_dc2_site42_out.pickle,True,850064.4533694036,5178599.999999999,0.16414947155011078,0.7401887876089926,2.04,0.19311702535307151
5s_cbf_dc2_site43,0.96903141,C:\Users\clemettn\Documents\phd\casestudy_structures\concentrically_braced_frames\ec8_gen2_site_specific_designs\5s_cbf_dc2_site43\5s_cbf_dc2_site43_in.json,C:\Users\clemettn\Documents\phd\casestudy_structures\concentrically_braced_frames\ec8_gen2_site_specific_designs\5s_cbf_dc2_site43\5s_cbf_dc2_site43_out.json,C:\Users\clemettn\Documents\phd\casestudy_structures\concentrically_braced_frames\ec8_gen2_site_specific_designs\5s_cbf_dc2_site43\5s_cbf_dc2_site43_out.pickle,True,1248396.7228680125,5178599.999999999,0.24106838196964675,0.6699561082229993,2.04,0.2836098611407609
5s_cbf_dc2_site44,0.8921773233333333,C:\Users\clemettn\Documents\phd\casestudy_structures\concentrically_braced_frames\ec8_gen2_site_specific_designs\5s_cbf_dc2_site44\5s_cbf_dc2_site44_in.json,C:\Users\clemettn\Documents\phd\casestudy_structures\concentrically_braced_frames\ec8_gen2_site_specific_designs\5s_cbf_dc2_site44\5s_cbf_dc2_site44_out.json,C:\Users\clemettn\Documents\phd\casestudy_structures\concentrically_braced_frames\ec8_gen2_site_specific_designs\5s_cbf_dc2_site44\5s_cbf_dc2_site44_out.pickle,True,1103329.033333371,5178599.999999999,0.2130554654411175,0.6979225820266552,2.04,0.2506534887542559
5s_cbf_dc2_site45,0.7740494933333334,C:\Users\clemettn\Documents\phd\casestudy_structures\concentrically_braced_frames\ec8_gen2_site_specific_designs\5s_cbf_dc2_site45\5s_cbf_dc2_site45_in.json,C:\Users\clemettn\Documents\phd\casestudy_structures\concentrically_braced_frames\ec8_gen2_site_specific_designs\5s_cbf_dc2_site45\5s_cbf_dc2_site45_out.json,C:\Users\clemettn\Documents\phd\casestudy_structures\concentrically_braced_frames\ec8_gen2_site_specific_designs\5s_cbf_dc2_site45\5s_cbf_dc2_site45_out.pickle,True,919878.776845372,5178599.999999999,0.17763078377271313,0.7262719115959145,2.04,0.20897739267378015
5s_cbf_dc2_site46,0.9017500033333334,C:\Users\clemettn\Documents\phd\casestudy_structures\concentrically_braced_frames\ec8_gen2_site_specific_designs\5s_cbf_dc2_site46\5s_cbf_dc2_site46_in.json,C:\Users\clemettn\Documents\phd\casestudy_structures\concentrically_braced_frames\ec8_gen2_site_specific_designs\5s_cbf_dc2_site46\5s_cbf_dc2_site46_out.json,C:\Users\clemettn\Documents\phd\casestudy_structures\concentrically_braced_frames\ec8_gen2_site_specific_designs\5s_cbf_dc2_site46\5s_cbf_dc2_site46_out.pickle,True,1115167.2806129016,5178599.999999999,0.21534145919995787,0.6979225820266552,2.04,0.25334289317642106
5s_cbf_dc2_site47,0.7225553366666667,C:\Users\clemettn\Documents\phd\casestudy_structures\concentrically_braced_frames\ec8_gen2_site_specific_designs\5s_cbf_dc2_site47\5s_cbf_dc2_site47_in.json,C:\Users\clemettn\Documents\phd\casestudy_structures\concentrically_braced_frames\ec8_gen2_site_specific_designs\5s_cbf_dc2_site47\5s_cbf_dc2_site47_out.json,C:\Users\clemettn\Documents\phd\casestudy_structures\concentrically_braced_frames\ec8_gen2_site_specific_designs\5s_cbf_dc2_site47\5s_cbf_dc2_site47_out.pickle,True,828193.7236421448,5178599.999999999,0.1599261815243782,0.7530092214831469,2.04,0.18814844885220966
5s_cbf_dc2_site48,1.0691934533333332,C:\Users\clemettn\Documents\phd\casestudy_structures\concentrically_braced_frames\ec8_gen2_site_specific_designs\5s_cbf_dc2_site48\5s_cbf_dc2_site48_in.json,C:\Users\clemettn\Documents\phd\casestudy_structures\concentrically_braced_frames\ec8_gen2_site_specific_designs\5s_cbf_dc2_site48\5s_cbf_dc2_site48_out.json,C:\Users\clemettn\Documents\phd\casestudy_structures\concentrically_braced_frames\ec8_gen2_site_specific_designs\5s_cbf_dc2_site48\5s_cbf_dc2_site48_out.pickle,True,1407896.0635225642,5178599.999999999,0.27186808471837265,0.655460934568633,2.04,0.3198448055510267
5s_cbf_dc2_site49,0.8856680566666667,C:\Users\clemettn\Documents\phd\casestudy_structures\concentrically_braced_frames\ec8_gen2_site_specific_designs\5s_cbf_dc2_site49\5s_cbf_dc2_site49_in.json,C:\Users\clemettn\Documents\phd\casestudy_structures\concentrically_braced_frames\ec8_gen2_site_specific_designs\5s_cbf_dc2_site49\5s_cbf_dc2_site49_out.json,C:\Users\clemettn\Documents\phd\casestudy_structures\concentrically_braced_frames\ec8_gen2_site_specific_designs\5s_cbf_dc2_site49\5s_cbf_dc2_site49_out.pickle,True,1089801.4644535063,5178599.999999999,0.21044325965579624,0.7014306042360913,2.04,0.24758030547740734
5s_cbf_dc2_site5,0.2425165366666667,C:\Users\clemettn\Documents\phd\casestudy_structures\concentrically_braced_frames\ec8_gen2_site_specific_designs\5s_cbf_dc2_site5\5s_cbf_dc2_site5_in.json,C:\Users\clemettn\Documents\phd\casestudy_structures\concentrically_braced_frames\ec8_gen2_site_specific_designs\5s_cbf_dc2_site5\5s_cbf_dc2_site5_out.json,C:\Users\clemettn\Documents\phd\casestudy_structures\concentrically_braced_frames\ec8_gen2_site_specific_designs\5s_cbf_dc2_site5\5s_cbf_dc2_site5_out.pickle,True,164068.6522461436,5178599.999999999,0.03168204770519902,1.0326734734759246,1.4825013184767604,0.03168204770519902
5s_cbf_dc2_site50,0.52412698,C:\Users\clemettn\Documents\phd\casestudy_structures\concentrically_braced_frames\ec8_gen2_site_specific_designs\5s_cbf_dc2_site50\5s_cbf_dc2_site50_in.json,C:\Users\clemettn\Documents\phd\casestudy_structures\concentrically_braced_frames\ec8_gen2_site_specific_designs\5s_cbf_dc2_site50\5s_cbf_dc2_site50_out.json,C:\Users\clemettn\Documents\phd\casestudy_structures\concentrically_braced_frames\ec8_gen2_site_specific_designs\5s_cbf_dc2_site50\5s_cbf_dc2_site50_out.pickle,True,462768.045927955,5178599.999999999,0.08936161239098503,0.8625347618123244,2.04,0.08936161239098503
5s_cbf_dc2_site51,1.0286714666666663,C:\Users\clemettn\Documents\phd\casestudy_structures\concentrically_braced_frames\ec8_gen2_site_specific_designs\5s_cbf_dc2_site51\5s_cbf_dc2_site51_in.json,C:\Users\clemettn\Documents\phd\casestudy_structures\concentrically_braced_frames\ec8_gen2_site_specific_designs\5s_cbf_dc2_site51\5s_cbf_dc2_site51_out.json,C:\Users\clemettn\Documents\phd\casestudy_structures\concentrically_braced_frames\ec8_gen2_site_specific_designs\5s_cbf_dc2_site51\5s_cbf_dc2_site51_out.pickle,True,1325230.6113529361,5178599.999999999,0.2559051889222833,0.6699561082229996,2.04,0.3010649281438627
5s_cbf_dc2_site52,0.76739778,C:\Users\clemettn\Documents\phd\casestudy_structures\concentrically_braced_frames\ec8_gen2_site_specific_designs\5s_cbf_dc2_site52\5s_cbf_dc2_site52_in.json,C:\Users\clemettn\Documents\phd\casestudy_structures\concentrically_braced_frames\ec8_gen2_site_specific_designs\5s_cbf_dc2_site52\5s_cbf_dc2_site52_out.json,C:\Users\clemettn\Documents\phd\casestudy_structures\concentrically_braced_frames\ec8_gen2_site_specific_designs\5s_cbf_dc2_site52\5s_cbf_dc2_site52_out.pickle,True,911973.894822075,5178599.999999999,0.17610433221760227,0.7262719115959145,2.04,0.20718156731482623
5s_cbf_dc2_site53,0.92335429,C:\Users\clemettn\Documents\phd\casestudy_structures\concentrically_braced_frames\ec8_gen2_site_specific_designs\5s_cbf_dc2_site53\5s_cbf_dc2_site53_in.json,C:\Users\clemettn\Documents\phd\casestudy_structures\concentrically_braced_frames\ec8_gen2_site_specific_designs\5s_cbf_dc2_site53\5s_cbf_dc2_site53_out.json,C:\Users\clemettn\Documents\phd\casestudy_structures\concentrically_braced_frames\ec8_gen2_site_specific_designs\5s_cbf_dc2_site53\5s_cbf_dc2_site53_out.pickle,True,1167985.9924934607,5178599.999999999,0.2255408783249258,0.6823258950200654,2.04,0.2653422097940304
5s_cbf_dc2_site54,0.6987111866666668,C:\Users\clemettn\Documents\phd\casestudy_structures\concentrically_braced_frames\ec8_gen2_site_specific_designs\5s_cbf_dc2_site54\5s_cbf_dc2_site54_in.json,C:\Users\clemettn\Documents\phd\casestudy_structures\concentrically_braced_frames\ec8_gen2_site_specific_designs\5s_cbf_dc2_site54\5s_cbf_dc2_site54_out.json,C:\Users\clemettn\Documents\phd\casestudy_structures\concentrically_braced_frames\ec8_gen2_site_specific_designs\5s_cbf_dc2_site54\5s_cbf_dc2_site54_out.pickle,True,800863.5326194302,5178599.999999999,0.15464865651323337,0.7530092214831469,2.04,0.18193959589792164
5s_cbf_dc2_site55,0.7096730233333334,C:\Users\clemettn\Documents\phd\casestudy_structures\concentrically_braced_frames\ec8_gen2_site_specific_designs\5s_cbf_dc2_site55\5s_cbf_dc2_site55_in.json,C:\Users\clemettn\Documents\phd\casestudy_structures\concentrically_braced_frames\ec8_gen2_site_specific_designs\5s_cbf_dc2_site55\5s_cbf_dc2_site55_out.json,C:\Users\clemettn\Documents\phd\casestudy_structures\concentrically_braced_frames\ec8_gen2_site_specific_designs\5s_cbf_dc2_site55\5s_cbf_dc2_site55_out.pickle,True,813428.0018942752,5178599.999999999,0.15707488546987128,0.7530092214831469,2.04,0.18479398290573093
5s_cbf_dc2_site56,0.74233708,C:\Users\clemettn\Documents\phd\casestudy_structures\concentrically_braced_frames\ec8_gen2_site_specific_designs\5s_cbf_dc2_site56\5s_cbf_dc2_site56_in.json,C:\Users\clemettn\Documents\phd\casestudy_structures\concentrically_braced_frames\ec8_gen2_site_specific_designs\5s_cbf_dc2_site56\5s_cbf_dc2_site56_out.json,C:\Users\clemettn\Documents\phd\casestudy_structures\concentrically_braced_frames\ec8_gen2_site_specific_designs\5s_cbf_dc2_site56\5s_cbf_dc2_site56_out.pickle,True,865605.0246554906,5178599.999999999,0.16715039289682362,0.7401887876089926,2.04,0.19664752105508662
5s_cbf_dc2_site57,0.6910699166666666,C:\Users\clemettn\Documents\phd\casestudy_structures\concentrically_braced_frames\ec8_gen2_site_specific_designs\5s_cbf_dc2_site57\5s_cbf_dc2_site57_in.json,C:\Users\clemettn\Documents\phd\casestudy_structures\concentrically_braced_frames\ec8_gen2_site_specific_designs\5s_cbf_dc2_site57\5s_cbf_dc2_site57_out.json,C:\Users\clemettn\Documents\phd\casestudy_structures\concentrically_braced_frames\ec8_gen2_site_specific_designs\5s_cbf_dc2_site57\5s_cbf_dc2_site57_out.pickle,True,792105.1005194752,5178599.999999999,0.15295738240440956,0.7530092214831469,2.04,0.17994986165224655
5s_cbf_dc2_site58,0.58156854,C:\Users\clemettn\Documents\phd\casestudy_structures\concentrically_braced_frames\ec8_gen2_site_specific_designs\5s_cbf_dc2_site58\5s_cbf_dc2_site58_in.json,C:\Users\clemettn\Documents\phd\casestudy_structures\concentrically_braced_frames\ec8_gen2_site_specific_designs\5s_cbf_dc2_site58\5s_cbf_dc2_site58_out.json,C:\Users\clemettn\Documents\phd\casestudy_structures\concentrically_braced_frames\ec8_gen2_site_specific_designs\5s_cbf_dc2_site58\5s_cbf_dc2_site58_out.pickle,True,527772.6584823885,5178599.999999999,0.10191415797365863,0.839184535246054,2.04,0.10191415797365863
5s_cbf_dc2_site59,0.984548,C:\Users\clemettn\Documents\phd\casestudy_structures\concentrically_braced_frames\ec8_gen2_site_specific_designs\5s_cbf_dc2_site59\5s_cbf_dc2_site59_in.json,C:\Users\clemettn\Documents\phd\casestudy_structures\concentrically_braced_frames\ec8_gen2_site_specific_designs\5s_cbf_dc2_site59\5s_cbf_dc2_site59_out.json,C:\Users\clemettn\Documents\phd\casestudy_structures\concentrically_braced_frames\ec8_gen2_site_specific_designs\5s_cbf_dc2_site59\5s_cbf_dc2_site59_out.pickle,True,1268386.6426024884,5178599.999999999,0.24492848310402207,0.6699561082229996,2.04,0.2881511565929672
5s_cbf_dc2_site6,0.2695994766666666,C:\Users\clemettn\Documents\phd\casestudy_structures\concentrically_braced_frames\ec8_gen2_site_specific_designs\5s_cbf_dc2_site6\5s_cbf_dc2_site6_in.json,C:\Users\clemettn\Documents\phd\casestudy_structures\concentrically_braced_frames\ec8_gen2_site_specific_designs\5s_cbf_dc2_site6\5s_cbf_dc2_site6_out.json,C:\Users\clemettn\Documents\phd\casestudy_structures\concentrically_braced_frames\ec8_gen2_site_specific_designs\5s_cbf_dc2_site6\5s_cbf_dc2_site6_out.pickle,True,164068.65224614315,5178599.999999999,0.03168204770519893,1.0326734734759246,1.6480590771767942,0.03168204770519893
5s_cbf_dc2_site7,0.34372996,C:\Users\clemettn\Documents\phd\casestudy_structures\concentrically_braced_frames\ec8_gen2_site_specific_designs\5s_cbf_dc2_site7\5s_cbf_dc2_site7_in.json,C:\Users\clemettn\Documents\phd\casestudy_structures\concentrically_braced_frames\ec8_gen2_site_specific_designs\5s_cbf_dc2_site7\5s_cbf_dc2_site7_out.json,C:\Users\clemettn\Documents\phd\casestudy_structures\concentrically_braced_frames\ec8_gen2_site_specific_designs\5s_cbf_dc2_site7\5s_cbf_dc2_site7_out.pickle,True,276992.31781041535,5178599.999999999,0.05348787660958858,0.9450463681399928,2.04,0.053487876609588585
5s_cbf_dc2_site8,0.14322816,C:\Users\clemettn\Documents\phd\casestudy_structures\concentrically_braced_frames\ec8_gen2_site_specific_designs\5s_cbf_dc2_site8\5s_cbf_dc2_site8_in.json,C:\Users\clemettn\Documents\phd\casestudy_structures\concentrically_braced_frames\ec8_gen2_site_specific_designs\5s_cbf_dc2_site8\5s_cbf_dc2_site8_out.json,C:\Users\clemettn\Documents\phd\casestudy_structures\concentrically_braced_frames\ec8_gen2_site_specific_designs\5s_cbf_dc2_site8\5s_cbf_dc2_site8_out.pickle,True,143650.7024586203,5178599.999999999,0.02773929294763456,1.0326734734759246,1.0,0.02773929294763456
5s_cbf_dc2_site9,0.3272087666666667,C:\Users\clemettn\Documents\phd\casestudy_structures\concentrically_braced_frames\ec8_gen2_site_specific_designs\5s_cbf_dc2_site9\5s_cbf_dc2_site9_in.json,C:\Users\clemettn\Documents\phd\casestudy_structures\concentrically_braced_frames\ec8_gen2_site_specific_designs\5s_cbf_dc2_site9\5s_cbf_dc2_site9_out.json,C:\Users\clemettn\Documents\phd\casestudy_structures\concentrically_braced_frames\ec8_gen2_site_specific_designs\5s_cbf_dc2_site9\5s_cbf_dc2_site9_out.pickle,True,164068.65224614268,5178599.999999999,0.03168204770519884,1.0326734734759246,2.000224127673537,0.03168204770519884
