,SA(0.01),SA(0.02),SA(0.022),SA(0.025),SA(0.029),SA(0.03),SA(0.032),SA(0.035),SA(0.036),SA(0.04),SA(0.042),SA(0.044),SA(0.045),SA(0.046),SA(0.048),SA(0.05),SA(0.055),SA(0.06),SA(0.065),SA(0.067),SA(0.07),SA(0.075),SA(0.08),SA(0.085),SA(0.09),SA(0.095),SA(0.1),SA(0.11),SA(0.12),SA(0.13),SA(0.133),SA(0.14),SA(0.15),SA(0.16),SA(0.17),SA(0.18),SA(0.19),SA(0.2),SA(0.22),SA(0.24),SA(0.25),SA(0.26),SA(0.28),SA(0.29),SA(0.3),SA(0.32),SA(0.34),SA(0.35),SA(0.36),SA(0.38),SA(0.4),SA(0.42),SA(0.44),SA(0.45),SA(0.46),SA(0.48),SA(0.5),SA(0.55),SA(0.6),SA(0.65),SA(0.667),SA(0.7),SA(0.75),SA(0.8),SA(0.85),SA(0.9),SA(0.95),SA(1.0),SA(1.1),SA(1.2),SA(1.3),SA(1.4),SA(1.5),SA(1.6),SA(1.7),SA(1.8),SA(1.9),SA(2.0),SA(2.2),SA(2.4),SA(2.5),SA(2.6),SA(2.8),SA(3.0),SA(3.2),SA(3.4),SA(3.5),SA(3.6),SA(3.8),SA(4.0),SA(4.2),SA(4.4),SA(4.6),SA(4.8),SA(5.0),SA(5.5),SA(6.0),SA(6.5),SA(7.0),SA(7.5),SA(8.0),SA(8.5),SA(9.0),SA(9.5),SA(10.0),RSD575,RSD595,PGA,PGV
SA(0.01),1,0.99861,0.99776,0.99585,0.99205,0.99065,0.98761,0.98219,0.9801,0.97388,0.96976,0.96554,0.96297,0.96008,0.95481,0.95059,0.93949,0.92698,0.91392,0.90888,0.90152,0.89058,0.88435,0.87916,0.874,0.8707,0.86856,0.87103,0.87317,0.88166,0.88266,0.88638,0.88901,0.88965,0.88971,0.89007,0.89008,0.89,0.8882,0.87856,0.87023,0.86316,0.85007,0.844,0.8389,0.82922,0.81811,0.81174,0.80457,0.78873,0.77726,0.76595,0.75456,0.74943,0.74517,0.73419,0.72367,0.69373,0.67121,0.64986,0.64559,0.63334,0.61545,0.59779,0.58384,0.56984,0.55342,0.53904,0.51425,0.50134,0.49094,0.48357,0.46642,0.46214,0.44857,0.43366,0.42672,0.41928,0.41326,0.40755,0.41245,0.40994,0.4075,0.40302,0.39714,0.39517,0.39248,0.38955,0.38198,0.38947,0.38925,0.3848,0.38225,0.37575,0.37188,0.36137,0.35445,0.34616,0.35188,0.34449,0.35747,0.36164,0.35231,0.34337,0.31116,-0.47518,-0.46184,0.9999,0.66832
SA(0.02),0.99861,1,0.99964,0.99829,0.99518,0.99409,0.99154,0.98647,0.98442,0.97842,0.97436,0.97031,0.96787,0.96515,0.96022,0.95599,0.94517,0.93271,0.91967,0.91462,0.90719,0.89615,0.88931,0.88361,0.87819,0.8746,0.87216,0.87396,0.87516,0.88252,0.88333,0.88625,0.88777,0.88772,0.88706,0.8867,0.88632,0.88612,0.88387,0.87371,0.86505,0.85764,0.84403,0.83793,0.83279,0.82257,0.81116,0.80473,0.79747,0.7814,0.76988,0.75847,0.74658,0.74147,0.73722,0.72618,0.71552,0.68563,0.66312,0.64198,0.63772,0.62557,0.60778,0.59047,0.57648,0.56241,0.54592,0.5314,0.50651,0.49382,0.48388,0.47672,0.45922,0.4548,0.44092,0.42615,0.41959,0.41281,0.40732,0.40222,0.40737,0.40528,0.40324,0.399,0.39343,0.39142,0.38885,0.386,0.37851,0.38655,0.38647,0.38196,0.37946,0.37317,0.36933,0.35895,0.35157,0.34269,0.34842,0.34071,0.35464,0.35864,0.34908,0.34047,0.30918,-0.47299,-0.46261,0.99847,0.66457
SA(0.022),0.99776,0.99964,1,0.99914,0.99644,0.99546,0.99305,0.98803,0.98601,0.98009,0.97609,0.97213,0.96972,0.96702,0.96223,0.95809,0.94738,0.93509,0.92225,0.91716,0.90963,0.89876,0.89193,0.88604,0.88052,0.87703,0.8746,0.87589,0.87688,0.88394,0.88465,0.88719,0.88822,0.88797,0.88708,0.88624,0.88546,0.88483,0.88224,0.87176,0.86285,0.85516,0.84094,0.83457,0.8292,0.81851,0.80686,0.80025,0.79288,0.77673,0.7651,0.75351,0.74142,0.73625,0.732,0.72095,0.71028,0.68043,0.65768,0.63657,0.63244,0.62048,0.60287,0.58545,0.57145,0.55727,0.54066,0.52597,0.50099,0.48853,0.4788,0.4718,0.45439,0.44995,0.43655,0.422,0.4156,0.40907,0.40369,0.39886,0.40421,0.40226,0.40037,0.39639,0.39106,0.38909,0.38652,0.38374,0.37628,0.38452,0.38479,0.3805,0.37838,0.37227,0.36868,0.35863,0.35125,0.34198,0.34808,0.34037,0.35439,0.35817,0.34851,0.33988,0.30874,-0.46956,-0.46122,0.99759,0.66174
SA(0.025),0.99585,0.99829,0.99914,1,0.99829,0.9975,0.99556,0.99101,0.98921,0.98365,0.97989,0.97599,0.97363,0.97107,0.96649,0.9624,0.95173,0.93974,0.92682,0.92162,0.91402,0.90313,0.89612,0.89037,0.88478,0.88107,0.87835,0.87863,0.87894,0.88516,0.8856,0.88749,0.88766,0.88673,0.88532,0.88374,0.88227,0.88103,0.87718,0.86589,0.85635,0.84813,0.83344,0.82687,0.82129,0.81001,0.79808,0.79118,0.78363,0.76752,0.75603,0.74435,0.73176,0.72644,0.72205,0.71077,0.70002,0.67036,0.6475,0.62623,0.62222,0.61035,0.59281,0.57536,0.56163,0.54761,0.53092,0.51622,0.49141,0.47978,0.47043,0.46387,0.44669,0.44254,0.42925,0.41495,0.40891,0.40263,0.39761,0.39324,0.39926,0.39752,0.39595,0.39213,0.38716,0.38522,0.38289,0.38023,0.37295,0.38199,0.38307,0.37891,0.37718,0.3713,0.3672,0.35798,0.3507,0.3412,0.3473,0.33954,0.35373,0.35725,0.34756,0.33899,0.30795,-0.46575,-0.4583,0.99566,0.65589
SA(0.029),0.99205,0.99518,0.99644,0.99829,1,0.99979,0.99857,0.99515,0.99381,0.98903,0.98586,0.98243,0.98029,0.97796,0.97376,0.96986,0.95912,0.94741,0.9348,0.9297,0.92206,0.91074,0.90318,0.89716,0.89106,0.88647,0.88331,0.88205,0.88089,0.88527,0.88527,0.88613,0.88525,0.88332,0.88124,0.87868,0.87607,0.87396,0.86856,0.8557,0.84566,0.83699,0.82191,0.81513,0.80935,0.79745,0.78517,0.77802,0.77033,0.75429,0.74279,0.73106,0.71821,0.71274,0.70811,0.69629,0.68535,0.65543,0.633,0.61166,0.60774,0.59603,0.57821,0.56028,0.54662,0.53272,0.51606,0.50144,0.47676,0.46624,0.45756,0.45128,0.43405,0.43035,0.41746,0.40338,0.39803,0.39162,0.38749,0.38397,0.39041,0.38915,0.38853,0.38509,0.38054,0.37828,0.37624,0.37364,0.36664,0.37702,0.37849,0.37457,0.37289,0.36724,0.36283,0.35468,0.34763,0.33805,0.34407,0.33627,0.34947,0.35334,0.34322,0.33468,0.30346,-0.4586,-0.45592,0.99183,0.64784
SA(0.03),0.99065,0.99409,0.99546,0.9975,0.99979,1,0.99918,0.99603,0.99477,0.9902,0.98717,0.98386,0.98182,0.97956,0.97545,0.97154,0.96074,0.94914,0.93658,0.93149,0.92383,0.91248,0.90477,0.89869,0.89246,0.88769,0.88437,0.88271,0.88126,0.88513,0.88506,0.88559,0.88436,0.88213,0.87982,0.87692,0.8741,0.8719,0.86602,0.85278,0.84256,0.83372,0.8183,0.81141,0.8055,0.79341,0.78112,0.77394,0.76626,0.75027,0.73869,0.72694,0.71403,0.70854,0.70384,0.69191,0.68088,0.65097,0.62869,0.60727,0.60327,0.5915,0.57372,0.55579,0.5421,0.5282,0.51162,0.497,0.47228,0.46194,0.45337,0.44708,0.42983,0.4263,0.4134,0.39944,0.39428,0.38802,0.38414,0.38105,0.38766,0.38659,0.38615,0.38278,0.37824,0.3759,0.37387,0.37133,0.36445,0.37496,0.37637,0.37253,0.37089,0.36532,0.36084,0.35291,0.34582,0.33636,0.34236,0.33444,0.34725,0.35122,0.34092,0.33245,0.30107,-0.45622,-0.45422,0.99042,0.64457
SA(0.032),0.98761,0.99154,0.99305,0.99556,0.99857,0.99918,1,0.99805,0.99705,0.99302,0.99031,0.98728,0.9854,0.98338,0.97956,0.97592,0.96535,0.95394,0.94164,0.93664,0.92913,0.91792,0.90984,0.90368,0.89715,0.89194,0.88817,0.88545,0.88317,0.88579,0.88548,0.88547,0.88355,0.88052,0.87754,0.87386,0.87052,0.86776,0.86084,0.84643,0.83565,0.82616,0.80996,0.80285,0.79677,0.7844,0.77173,0.76428,0.75635,0.7401,0.72823,0.71617,0.70304,0.69746,0.69271,0.68053,0.6692,0.63901,0.61678,0.59538,0.5915,0.57983,0.56221,0.54422,0.53063,0.51681,0.50027,0.48547,0.46087,0.45095,0.44276,0.43657,0.41941,0.41612,0.40334,0.38958,0.38482,0.37838,0.37514,0.37284,0.37981,0.37914,0.37929,0.376,0.37159,0.36941,0.36729,0.36484,0.35822,0.36851,0.36991,0.36593,0.36443,0.35916,0.35499,0.34709,0.33958,0.32957,0.33525,0.32716,0.3398,0.34391,0.33331,0.32478,0.29302,-0.45211,-0.45201,0.98743,0.63595
SA(0.035),0.98219,0.98647,0.98803,0.99101,0.99515,0.99603,0.99805,1,0.99966,0.99639,0.99411,0.99146,0.98985,0.98814,0.9845,0.98103,0.97077,0.95966,0.94773,0.94302,0.936,0.92493,0.91646,0.91015,0.90311,0.89734,0.89316,0.88946,0.8862,0.88674,0.88601,0.88515,0.88234,0.87788,0.87396,0.86875,0.864,0.86036,0.85193,0.83596,0.8246,0.81462,0.79809,0.79059,0.78408,0.7713,0.75804,0.7502,0.74189,0.72513,0.71288,0.70043,0.68726,0.68176,0.67713,0.66475,0.65302,0.62208,0.59995,0.57843,0.57452,0.56274,0.54496,0.52715,0.51396,0.50013,0.48368,0.46904,0.44411,0.43432,0.42629,0.42043,0.40351,0.40085,0.38798,0.37488,0.37085,0.36425,0.36205,0.36086,0.3686,0.36841,0.36909,0.3656,0.36112,0.35901,0.35716,0.35477,0.34837,0.35886,0.36015,0.3562,0.35514,0.3501,0.34552,0.33755,0.33015,0.31951,0.32477,0.31665,0.32877,0.33308,0.322,0.3132,0.28046,-0.44628,-0.44827,0.98203,0.62337
SA(0.036),0.9801,0.98442,0.98601,0.98921,0.99381,0.99477,0.99705,0.99966,1,0.99733,0.99522,0.99276,0.99124,0.98961,0.98607,0.98262,0.97254,0.96166,0.94989,0.94528,0.93838,0.92728,0.91866,0.91237,0.90522,0.89931,0.89501,0.89099,0.8874,0.88719,0.88628,0.88513,0.88198,0.87711,0.87279,0.86705,0.86175,0.85779,0.84874,0.83213,0.82045,0.81018,0.79341,0.78576,0.77912,0.76622,0.75273,0.74475,0.73632,0.71951,0.70721,0.69459,0.68131,0.67577,0.67113,0.65873,0.64693,0.61585,0.5937,0.57204,0.5681,0.55635,0.53864,0.52077,0.5077,0.49406,0.47766,0.46309,0.43816,0.42866,0.42076,0.41493,0.39794,0.39547,0.38257,0.36967,0.36587,0.35932,0.35752,0.35665,0.36473,0.36463,0.36551,0.36198,0.35758,0.35538,0.35368,0.35132,0.34511,0.35589,0.35713,0.35317,0.35218,0.34715,0.34234,0.33453,0.32716,0.31662,0.32187,0.31383,0.32571,0.33002,0.31879,0.30989,0.27666,-0.44488,-0.44698,0.97993,0.6183
SA(0.04),0.97388,0.97842,0.98009,0.98365,0.98903,0.9902,0.99302,0.99639,0.99733,1,0.99886,0.99685,0.99556,0.99413,0.99105,0.98815,0.97938,0.96943,0.95827,0.95406,0.94767,0.93677,0.92793,0.92153,0.91367,0.90725,0.90258,0.8972,0.89257,0.8907,0.88933,0.8873,0.88264,0.87615,0.87019,0.86295,0.85646,0.85125,0.83997,0.82137,0.80905,0.79827,0.78024,0.77201,0.76491,0.75091,0.73672,0.72861,0.72,0.7028,0.69022,0.67727,0.66354,0.65768,0.65283,0.64016,0.62801,0.5964,0.57368,0.55236,0.54843,0.53646,0.51846,0.50059,0.48777,0.47443,0.45797,0.44349,0.41899,0.40972,0.40216,0.39649,0.37932,0.37679,0.3635,0.35093,0.3475,0.34092,0.33959,0.33996,0.34868,0.34914,0.35074,0.34699,0.34311,0.34125,0.34003,0.33803,0.33241,0.34342,0.34502,0.3409,0.34012,0.33521,0.33037,0.32198,0.31518,0.3051,0.31002,0.30195,0.31264,0.31765,0.30583,0.29679,0.26221,-0.43761,-0.43948,0.97372,0.60171
SA(0.042),0.96976,0.97436,0.97609,0.97989,0.98586,0.98717,0.99031,0.99411,0.99522,0.99886,1,0.99895,0.99791,0.9967,0.99397,0.9913,0.98309,0.9735,0.96264,0.95852,0.9521,0.94143,0.93251,0.92622,0.91861,0.91196,0.90702,0.90082,0.89548,0.89282,0.89125,0.88865,0.88333,0.87586,0.8691,0.861,0.85339,0.84738,0.83499,0.81545,0.80255,0.79119,0.7726,0.76406,0.75686,0.74232,0.72759,0.71926,0.71033,0.69264,0.67957,0.66615,0.65214,0.64618,0.64124,0.62839,0.61602,0.58373,0.56089,0.53984,0.53603,0.52395,0.50602,0.48825,0.47554,0.4623,0.44592,0.4316,0.40743,0.39829,0.39086,0.38534,0.36785,0.36541,0.35216,0.33971,0.33653,0.32985,0.32895,0.32994,0.33881,0.3395,0.34145,0.33778,0.33406,0.33221,0.33121,0.3293,0.32389,0.33482,0.33665,0.33265,0.33157,0.32677,0.32187,0.3128,0.30586,0.29564,0.30016,0.29162,0.3018,0.30747,0.29583,0.28699,0.25204,-0.43481,-0.43684,0.9696,0.5902
SA(0.044),0.96554,0.97031,0.97213,0.97599,0.98243,0.98386,0.98728,0.99146,0.99276,0.99685,0.99895,1,0.99967,0.99884,0.99643,0.9939,0.98661,0.97759,0.96722,0.96325,0.95686,0.94623,0.93744,0.93116,0.92362,0.91689,0.91174,0.90526,0.89934,0.89562,0.8937,0.89028,0.88452,0.87638,0.86879,0.86003,0.85157,0.84497,0.83131,0.81085,0.7974,0.78557,0.76591,0.75692,0.74956,0.73465,0.71925,0.71061,0.70146,0.68355,0.6702,0.65648,0.64224,0.63608,0.63094,0.6178,0.6053,0.57235,0.54932,0.52818,0.52445,0.51242,0.49432,0.47635,0.46367,0.45056,0.43419,0.41982,0.39583,0.38697,0.37973,0.37474,0.35735,0.35484,0.34183,0.3295,0.32663,0.31981,0.31925,0.32065,0.32959,0.33041,0.33279,0.32909,0.32548,0.32361,0.32263,0.32091,0.3159,0.3268,0.32876,0.32502,0.32369,0.31899,0.31433,0.30501,0.29807,0.28813,0.29217,0.28344,0.29326,0.29884,0.28715,0.27831,0.24274,-0.43077,-0.43339,0.96536,0.57873
SA(0.045),0.96297,0.96787,0.96972,0.97363,0.98029,0.98182,0.9854,0.98985,0.99124,0.99556,0.99791,0.99967,1,0.99963,0.99753,0.9951,0.98826,0.97963,0.96956,0.96566,0.95929,0.94868,0.93988,0.93364,0.92619,0.91926,0.91409,0.90749,0.90129,0.89687,0.89477,0.89089,0.88482,0.87637,0.86834,0.85907,0.85015,0.84323,0.82902,0.8079,0.79418,0.78213,0.76188,0.75267,0.74517,0.72997,0.71422,0.70543,0.69615,0.67815,0.6647,0.65093,0.63658,0.63033,0.62503,0.61171,0.5991,0.56591,0.54267,0.52125,0.51753,0.50548,0.48711,0.46908,0.45648,0.4434,0.427,0.4126,0.38865,0.37993,0.37272,0.36797,0.35071,0.34818,0.33515,0.32298,0.32029,0.31341,0.31305,0.31468,0.32366,0.3246,0.32728,0.3236,0.32002,0.31823,0.31739,0.3158,0.31104,0.32186,0.32377,0.32022,0.31879,0.31409,0.30935,0.30005,0.29322,0.28364,0.28742,0.27864,0.28833,0.29374,0.28225,0.27365,0.23796,-0.42835,-0.43147,0.96277,0.57211
SA(0.046),0.96008,0.96515,0.96702,0.97107,0.97796,0.97956,0.98338,0.98814,0.98961,0.99413,0.9967,0.99884,0.99963,1,0.99866,0.99641,0.98983,0.98156,0.9718,0.96793,0.96161,0.95105,0.94223,0.93597,0.92855,0.9214,0.9161,0.90929,0.90287,0.89773,0.89542,0.89105,0.88459,0.87578,0.86737,0.85764,0.84837,0.84118,0.82649,0.80465,0.79063,0.77831,0.75763,0.74828,0.7407,0.72524,0.70899,0.69997,0.69049,0.6722,0.65862,0.64473,0.63021,0.62384,0.61843,0.60503,0.59241,0.55912,0.53583,0.51429,0.51057,0.49842,0.47987,0.46184,0.44929,0.43617,0.41968,0.40524,0.38135,0.37288,0.36578,0.36129,0.34414,0.34158,0.32856,0.31655,0.31405,0.30704,0.30694,0.30892,0.318,0.31907,0.3218,0.31809,0.31465,0.31291,0.31217,0.31069,0.30603,0.31647,0.31831,0.31469,0.31316,0.30858,0.30403,0.29478,0.28807,0.27856,0.28212,0.27332,0.28338,0.28857,0.27709,0.26863,0.23298,-0.42647,-0.42999,0.95989,0.56553
SA(0.048),0.95481,0.96022,0.96223,0.96649,0.97376,0.97545,0.97956,0.9845,0.98607,0.99105,0.99397,0.99643,0.99753,0.99866,1,0.99882,0.99252,0.98465,0.97527,0.97146,0.96525,0.95482,0.94593,0.93954,0.93226,0.92488,0.91925,0.91153,0.90482,0.899,0.89645,0.89138,0.88426,0.87462,0.86575,0.8555,0.84547,0.8372,0.82185,0.79911,0.78455,0.77183,0.75081,0.74138,0.73375,0.71785,0.70134,0.69208,0.68242,0.66387,0.6498,0.63545,0.62047,0.61384,0.6081,0.59436,0.58162,0.54797,0.5242,0.50276,0.49901,0.48674,0.46799,0.44994,0.43747,0.42443,0.40782,0.39322,0.36947,0.36129,0.35475,0.35064,0.33342,0.33063,0.3179,0.30584,0.30361,0.29639,0.29687,0.29899,0.30812,0.30941,0.31208,0.30839,0.3052,0.30348,0.30259,0.30124,0.29676,0.30726,0.30901,0.30543,0.30363,0.29917,0.29499,0.28597,0.27901,0.26958,0.27311,0.2642,0.27453,0.27909,0.26766,0.2598,0.22437,-0.4217,-0.42686,0.95465,0.55392
SA(0.05),0.95059,0.95599,0.95809,0.9624,0.96986,0.97154,0.97592,0.98103,0.98262,0.98815,0.9913,0.9939,0.9951,0.99641,0.99882,1,0.99492,0.98729,0.97835,0.97467,0.96868,0.95856,0.94957,0.94307,0.93583,0.92841,0.92255,0.91407,0.90678,0.90043,0.8976,0.89218,0.88469,0.87461,0.86511,0.85454,0.84385,0.83453,0.81819,0.79468,0.77944,0.76625,0.74489,0.73541,0.72762,0.71141,0.69464,0.68525,0.67546,0.65657,0.64199,0.62717,0.61177,0.60494,0.59905,0.58522,0.57235,0.5381,0.51401,0.49267,0.48906,0.47681,0.45797,0.43982,0.42751,0.41461,0.39778,0.3832,0.35953,0.35093,0.34429,0.34015,0.32298,0.3201,0.30804,0.29587,0.29362,0.2859,0.28654,0.28867,0.29804,0.29955,0.30261,0.29888,0.29584,0.29439,0.29347,0.29217,0.28775,0.2981,0.29992,0.29636,0.2945,0.28987,0.28567,0.27681,0.26964,0.26043,0.26415,0.25537,0.26504,0.26971,0.25858,0.2507,0.21535,-0.4165,-0.42442,0.95041,0.54313
SA(0.055),0.93949,0.94517,0.94738,0.95173,0.95912,0.96074,0.96535,0.97077,0.97254,0.97938,0.98309,0.98661,0.98826,0.98983,0.99252,0.99492,1,0.99461,0.98709,0.98393,0.97852,0.96925,0.96054,0.95393,0.94647,0.939,0.93315,0.92388,0.91457,0.90621,0.9028,0.89625,0.88648,0.87449,0.86249,0.85097,0.83885,0.82798,0.80958,0.78502,0.76866,0.75487,0.73301,0.72315,0.71461,0.69647,0.6789,0.66921,0.65886,0.63935,0.62412,0.60834,0.59176,0.58437,0.57798,0.56348,0.54997,0.51413,0.48773,0.46522,0.46152,0.44914,0.42974,0.41138,0.39887,0.38602,0.36892,0.35375,0.33,0.32061,0.31365,0.30962,0.29326,0.29057,0.27929,0.26715,0.26492,0.25676,0.25748,0.2606,0.27016,0.27185,0.27539,0.27183,0.26806,0.2669,0.26617,0.26545,0.26153,0.27111,0.27292,0.27003,0.26828,0.26389,0.25967,0.25234,0.24502,0.23585,0.23951,0.23107,0.23719,0.24199,0.23195,0.22488,0.18976,-0.4097,-0.41736,0.9392,0.51088
SA(0.06),0.92698,0.93271,0.93509,0.93974,0.94741,0.94914,0.95394,0.95966,0.96166,0.96943,0.9735,0.97759,0.97963,0.98156,0.98465,0.98729,0.99461,1,0.99486,0.99215,0.98764,0.97963,0.97117,0.96464,0.95707,0.9495,0.94394,0.93349,0.92229,0.91134,0.90749,0.9,0.8881,0.87408,0.86035,0.8472,0.83299,0.82024,0.79977,0.77363,0.75631,0.74186,0.71769,0.70661,0.69727,0.67812,0.66039,0.65037,0.63911,0.61873,0.60247,0.58573,0.56881,0.56136,0.55503,0.54041,0.52664,0.48884,0.4612,0.4386,0.43452,0.42144,0.40106,0.38256,0.36978,0.35637,0.33912,0.32366,0.29921,0.2901,0.2828,0.27851,0.2623,0.26058,0.25,0.23829,0.23591,0.22727,0.22868,0.23266,0.2426,0.24456,0.24817,0.24491,0.24106,0.24034,0.23995,0.23972,0.23627,0.24501,0.24693,0.2448,0.24343,0.23942,0.23594,0.23036,0.22402,0.21603,0.22019,0.2124,0.21648,0.2211,0.20995,0.20335,0.16936,-0.39868,-0.40423,0.92655,0.47847
SA(0.065),0.91392,0.91967,0.92225,0.92682,0.9348,0.93658,0.94164,0.94773,0.94989,0.95827,0.96264,0.96722,0.96956,0.9718,0.97527,0.97835,0.98709,0.99486,1,0.99882,0.99488,0.98703,0.97894,0.97178,0.96411,0.95662,0.95065,0.93903,0.92681,0.91441,0.91004,0.90121,0.88848,0.87272,0.85738,0.84295,0.82729,0.8128,0.79082,0.76234,0.74396,0.72881,0.70343,0.69158,0.68183,0.6617,0.64327,0.63313,0.6216,0.6001,0.58292,0.56548,0.54795,0.54024,0.53391,0.51933,0.50549,0.46627,0.43791,0.41455,0.41041,0.39724,0.37653,0.35788,0.34503,0.33177,0.31483,0.29945,0.27493,0.26562,0.25849,0.25424,0.2376,0.23564,0.2258,0.21452,0.21205,0.20426,0.20645,0.21066,0.22021,0.22205,0.22575,0.22294,0.21876,0.2184,0.21836,0.21836,0.21502,0.22268,0.22461,0.22246,0.22102,0.21758,0.2153,0.21118,0.20578,0.19744,0.20219,0.19518,0.19815,0.20258,0.19116,0.18424,0.15034,-0.3864,-0.39341,0.91339,0.4503
SA(0.067),0.90888,0.91462,0.91716,0.92162,0.9297,0.93149,0.93664,0.94302,0.94528,0.95406,0.95852,0.96325,0.96566,0.96793,0.97146,0.97467,0.98393,0.99215,0.99882,1,0.99759,0.99025,0.98239,0.9752,0.96748,0.95971,0.95331,0.94111,0.92864,0.91545,0.91084,0.90181,0.88866,0.87229,0.85628,0.84135,0.82522,0.8104,0.78796,0.75854,0.74,0.72449,0.69866,0.68652,0.67651,0.65624,0.63778,0.62757,0.61584,0.59401,0.57647,0.55863,0.54074,0.53288,0.52646,0.51169,0.49766,0.45825,0.42966,0.40636,0.40211,0.38898,0.36796,0.34915,0.33644,0.32311,0.30634,0.29102,0.2662,0.25708,0.24985,0.24584,0.22895,0.22703,0.21742,0.20632,0.20396,0.19623,0.1989,0.20336,0.21338,0.21528,0.21863,0.21579,0.21139,0.21107,0.21092,0.21093,0.2078,0.21529,0.21721,0.21554,0.21398,0.21038,0.20813,0.20413,0.19907,0.19013,0.19506,0.18825,0.19067,0.19481,0.18326,0.17623,0.14252,-0.38148,-0.38917,0.90833,0.44007
SA(0.07),0.90152,0.90719,0.90963,0.91402,0.92206,0.92383,0.92913,0.936,0.93838,0.94767,0.9521,0.95686,0.95929,0.96161,0.96525,0.96868,0.97852,0.98764,0.99488,0.99759,1,0.99486,0.98719,0.98013,0.97201,0.96372,0.95662,0.94368,0.93049,0.91634,0.91141,0.90205,0.88817,0.87094,0.85429,0.83852,0.82197,0.80672,0.78329,0.75267,0.73386,0.71812,0.6922,0.67986,0.66938,0.6489,0.63044,0.62013,0.60804,0.58553,0.5674,0.54893,0.53092,0.52302,0.51648,0.50141,0.48708,0.4472,0.41821,0.39486,0.39045,0.377,0.3552,0.33657,0.324,0.31098,0.29406,0.2784,0.25326,0.24331,0.23553,0.23188,0.21482,0.21326,0.20358,0.19265,0.1904,0.18292,0.1862,0.19076,0.20118,0.2034,0.20669,0.20407,0.1996,0.19945,0.19906,0.19916,0.1961,0.20403,0.20603,0.2047,0.20292,0.19917,0.19716,0.19304,0.18866,0.17887,0.18378,0.1774,0.17962,0.18314,0.17184,0.16484,0.13203,-0.37526,-0.38175,0.90093,0.42485
SA(0.075),0.89058,0.89615,0.89876,0.90313,0.91074,0.91248,0.91792,0.92493,0.92728,0.93677,0.94143,0.94623,0.94868,0.95105,0.95482,0.95856,0.96925,0.97963,0.98703,0.99025,0.99486,1,0.99485,0.98794,0.97979,0.97133,0.96373,0.9502,0.9355,0.91975,0.91449,0.90462,0.88953,0.8711,0.85335,0.83657,0.81938,0.80321,0.77857,0.74686,0.72753,0.71151,0.68493,0.6721,0.66098,0.63927,0.62006,0.60926,0.59652,0.5731,0.55392,0.53498,0.5167,0.5088,0.50221,0.48702,0.47201,0.43028,0.40035,0.3769,0.37233,0.35888,0.33656,0.3178,0.30514,0.29201,0.2748,0.25879,0.23426,0.22346,0.21502,0.21158,0.1949,0.1937,0.18455,0.17389,0.17174,0.16416,0.16691,0.17119,0.18139,0.18341,0.18724,0.18503,0.18091,0.18123,0.18052,0.18076,0.17745,0.18539,0.1878,0.18679,0.18538,0.18218,0.18063,0.17695,0.17242,0.16119,0.16616,0.16053,0.16379,0.16706,0.15656,0.15035,0.11938,-0.36355,-0.36908,0.88988,0.40062
SA(0.08),0.88435,0.88931,0.89193,0.89612,0.90318,0.90477,0.90984,0.91646,0.91866,0.92793,0.93251,0.93744,0.93988,0.94223,0.94593,0.94957,0.96054,0.97117,0.97894,0.98239,0.98719,0.99485,1,0.99475,0.98662,0.97804,0.97026,0.95526,0.93972,0.9234,0.91793,0.90746,0.89202,0.87301,0.85447,0.83761,0.82015,0.80431,0.77867,0.74616,0.72622,0.70966,0.68171,0.66806,0.65643,0.63438,0.6145,0.60333,0.59045,0.56656,0.54696,0.52739,0.50899,0.50112,0.49458,0.47926,0.46426,0.42187,0.39154,0.36697,0.36226,0.34928,0.32773,0.30895,0.29666,0.2836,0.26602,0.24983,0.22582,0.21522,0.20653,0.20379,0.18746,0.18658,0.1773,0.16656,0.16466,0.15715,0.15936,0.16397,0.17519,0.17668,0.18003,0.17732,0.1726,0.17306,0.17264,0.173,0.16974,0.17833,0.18145,0.18015,0.17861,0.17567,0.17475,0.17199,0.16772,0.15484,0.16033,0.15521,0.15744,0.16085,0.1512,0.14464,0.11352,-0.35438,-0.3563,0.88358,0.38627
SA(0.085),0.87916,0.88361,0.88604,0.89037,0.89716,0.89869,0.90368,0.91015,0.91237,0.92153,0.92622,0.93116,0.93364,0.93597,0.93954,0.94307,0.95393,0.96464,0.97178,0.9752,0.98013,0.98794,0.99475,1,0.9946,0.98592,0.97792,0.96163,0.9452,0.92843,0.9228,0.91248,0.89742,0.87836,0.8596,0.84256,0.82473,0.80861,0.78169,0.74796,0.72747,0.71017,0.68115,0.66656,0.65407,0.63094,0.61031,0.59904,0.5863,0.56225,0.54259,0.52312,0.50461,0.49657,0.48987,0.47394,0.45865,0.41587,0.385,0.36041,0.35577,0.34243,0.32218,0.30374,0.2915,0.27805,0.2598,0.24373,0.22037,0.21018,0.20162,0.19939,0.18336,0.18176,0.17199,0.16069,0.15843,0.15057,0.15243,0.15735,0.16875,0.17026,0.17328,0.17005,0.16525,0.16591,0.16554,0.16593,0.16243,0.17007,0.17312,0.17162,0.17029,0.16794,0.16689,0.1642,0.15969,0.14593,0.15129,0.14641,0.1499,0.15263,0.14324,0.13682,0.1059,-0.35157,-0.35071,0.87833,0.37695
SA(0.09),0.874,0.87819,0.88052,0.88478,0.89106,0.89246,0.89715,0.90311,0.90522,0.91367,0.91861,0.92362,0.92619,0.92855,0.93226,0.93583,0.94647,0.95707,0.96411,0.96748,0.97201,0.97979,0.98662,0.9946,1,0.99483,0.98703,0.96975,0.9524,0.93575,0.9301,0.91913,0.90351,0.8843,0.86534,0.84787,0.82971,0.81277,0.78544,0.75062,0.72953,0.71144,0.68154,0.66687,0.65386,0.62917,0.60801,0.59649,0.58321,0.55832,0.53815,0.51861,0.49984,0.49166,0.48487,0.46907,0.45414,0.41148,0.38021,0.3552,0.35021,0.33622,0.3159,0.29726,0.28525,0.27182,0.2538,0.23811,0.21471,0.20454,0.19584,0.19365,0.17723,0.1753,0.16518,0.1528,0.15027,0.1416,0.14256,0.1475,0.15935,0.16094,0.16333,0.15924,0.15418,0.15481,0.15431,0.15466,0.1509,0.15808,0.16112,0.15957,0.15867,0.15687,0.15715,0.15479,0.15064,0.13588,0.1417,0.13697,0.14266,0.14613,0.13772,0.13171,0.10094,-0.34873,-0.34571,0.87331,0.36557
SA(0.095),0.8707,0.8746,0.87703,0.88107,0.88647,0.88769,0.89194,0.89734,0.89931,0.90725,0.91196,0.91689,0.91926,0.9214,0.92488,0.92841,0.939,0.9495,0.95662,0.95971,0.96372,0.97133,0.97804,0.98592,0.99483,1,0.99533,0.97793,0.96049,0.94346,0.93773,0.92611,0.91025,0.89074,0.87112,0.85316,0.83396,0.81667,0.78951,0.75423,0.73269,0.71394,0.68354,0.66897,0.65584,0.62994,0.60851,0.59672,0.58295,0.55718,0.5366,0.51688,0.49789,0.48942,0.4824,0.46669,0.45185,0.40914,0.37763,0.3533,0.34863,0.33428,0.31342,0.29436,0.28293,0.26885,0.25025,0.23445,0.21042,0.19992,0.19107,0.18874,0.17234,0.16998,0.15949,0.14684,0.14413,0.13657,0.13743,0.14187,0.15421,0.15552,0.15746,0.15264,0.14737,0.14828,0.14773,0.14828,0.14508,0.15316,0.15641,0.15516,0.15458,0.15311,0.15433,0.1523,0.14917,0.13511,0.14184,0.13782,0.14519,0.14969,0.14158,0.13515,0.10307,-0.34809,-0.34243,0.87009,0.3585
SA(0.1),0.86856,0.87216,0.8746,0.87835,0.88331,0.88437,0.88817,0.89316,0.89501,0.90258,0.90702,0.91174,0.91409,0.9161,0.91925,0.92255,0.93315,0.94394,0.95065,0.95331,0.95662,0.96373,0.97026,0.97792,0.98703,0.99533,1,0.98634,0.96875,0.95148,0.94591,0.93386,0.91725,0.89753,0.87795,0.85987,0.84063,0.82322,0.79568,0.75978,0.73813,0.71945,0.68831,0.67363,0.65996,0.63335,0.61155,0.59962,0.58569,0.55953,0.53844,0.51877,0.49957,0.49097,0.48352,0.46747,0.45234,0.40964,0.37676,0.35245,0.34809,0.33382,0.31194,0.29284,0.2817,0.2671,0.24784,0.23129,0.20688,0.19649,0.18783,0.18545,0.16918,0.16658,0.15564,0.14268,0.13975,0.13247,0.13293,0.13749,0.14941,0.15067,0.15204,0.1476,0.14337,0.14467,0.14376,0.14452,0.14139,0.14901,0.15233,0.15175,0.1518,0.15096,0.15263,0.15212,0.14975,0.13639,0.14342,0.14019,0.14891,0.15419,0.1467,0.14062,0.10734,-0.3477,-0.33742,0.86802,0.35646
SA(0.11),0.87103,0.87396,0.87589,0.87863,0.88205,0.88271,0.88545,0.88946,0.89099,0.8972,0.90082,0.90526,0.90749,0.90929,0.91153,0.91407,0.92388,0.93349,0.93903,0.94111,0.94368,0.9502,0.95526,0.96163,0.96975,0.97793,0.98634,1,0.98666,0.96845,0.96319,0.95096,0.93445,0.91508,0.89553,0.87814,0.85885,0.84123,0.81339,0.77637,0.75447,0.73633,0.70496,0.6901,0.67627,0.64976,0.62711,0.61487,0.6006,0.57277,0.55187,0.53206,0.51293,0.50454,0.49738,0.48165,0.46581,0.42354,0.39093,0.36631,0.36141,0.34674,0.32315,0.30306,0.29132,0.2771,0.25845,0.24214,0.21746,0.20621,0.19771,0.19539,0.17981,0.1783,0.16668,0.15288,0.1492,0.14186,0.14041,0.14387,0.15357,0.15466,0.1563,0.15227,0.14823,0.15024,0.14917,0.1501,0.1471,0.15592,0.15918,0.1592,0.15877,0.15763,0.15822,0.15796,0.15593,0.14379,0.15111,0.1487,0.16116,0.16583,0.15852,0.15246,0.11877,-0.35484,-0.33578,0.8704,0.36427
SA(0.12),0.87317,0.87516,0.87688,0.87894,0.88089,0.88126,0.88317,0.8862,0.8874,0.89257,0.89548,0.89934,0.90129,0.90287,0.90482,0.90678,0.91457,0.92229,0.92681,0.92864,0.93049,0.9355,0.93972,0.9452,0.9524,0.96049,0.96875,0.98666,1,0.9869,0.98157,0.96914,0.95182,0.93242,0.91314,0.89515,0.87565,0.85877,0.82989,0.79114,0.76964,0.75168,0.7198,0.70422,0.68999,0.66359,0.64093,0.62868,0.6144,0.58659,0.56611,0.54601,0.52659,0.51823,0.51105,0.49499,0.47877,0.43781,0.40557,0.38085,0.37572,0.36116,0.33685,0.316,0.30211,0.28674,0.26829,0.25236,0.22936,0.21837,0.20944,0.20577,0.18983,0.18806,0.17655,0.16325,0.15875,0.15051,0.14849,0.15121,0.16023,0.16084,0.16019,0.15581,0.15167,0.15426,0.15396,0.15477,0.15194,0.16348,0.16693,0.16659,0.16666,0.16527,0.16754,0.16734,0.1663,0.15564,0.16381,0.16099,0.17459,0.17892,0.17201,0.16548,0.13167,-0.36591,-0.34322,0.87252,0.37784
SA(0.13),0.88166,0.88252,0.88394,0.88516,0.88527,0.88513,0.88579,0.88674,0.88719,0.8907,0.89282,0.89562,0.89687,0.89773,0.899,0.90043,0.90621,0.91134,0.91441,0.91545,0.91634,0.91975,0.9234,0.92843,0.93575,0.94346,0.95148,0.96845,0.9869,1,0.99821,0.988,0.97037,0.95216,0.93422,0.91719,0.89869,0.88248,0.85395,0.81606,0.79524,0.77781,0.74605,0.72996,0.71506,0.68892,0.66627,0.65381,0.6396,0.61238,0.59223,0.57177,0.55241,0.54416,0.53722,0.52145,0.5056,0.46551,0.43255,0.40902,0.40404,0.39002,0.36642,0.34574,0.33076,0.31488,0.29598,0.2802,0.25716,0.24489,0.23522,0.23195,0.21648,0.21363,0.20186,0.18828,0.18292,0.17399,0.17168,0.17319,0.18143,0.18102,0.17789,0.17347,0.16989,0.17209,0.17136,0.17179,0.16819,0.17726,0.18045,0.17951,0.17966,0.17805,0.18117,0.1825,0.18193,0.17013,0.17781,0.17569,0.19373,0.19799,0.19143,0.18458,0.1508,-0.38193,-0.36097,0.88117,0.40538
SA(0.133),0.88266,0.88333,0.88465,0.8856,0.88527,0.88506,0.88548,0.88601,0.88628,0.88933,0.89125,0.8937,0.89477,0.89542,0.89645,0.8976,0.9028,0.90749,0.91004,0.91084,0.91141,0.91449,0.91793,0.9228,0.9301,0.93773,0.94591,0.96319,0.98157,0.99821,1,0.99314,0.97582,0.95781,0.94045,0.92367,0.90545,0.88912,0.86037,0.82253,0.80201,0.78469,0.75285,0.73676,0.72175,0.69555,0.67304,0.66061,0.64631,0.61922,0.59878,0.57813,0.55863,0.55033,0.54327,0.52757,0.51171,0.47146,0.43822,0.41471,0.40977,0.39568,0.37196,0.35117,0.33607,0.3203,0.30158,0.286,0.26281,0.25031,0.24038,0.23712,0.22228,0.21933,0.20758,0.19388,0.18799,0.17868,0.17583,0.17673,0.18413,0.18348,0.18004,0.17594,0.17232,0.17421,0.17349,0.17386,0.16996,0.17798,0.18121,0.18026,0.1803,0.17893,0.18201,0.18352,0.18362,0.17229,0.18026,0.17842,0.19681,0.2016,0.19514,0.1887,0.15553,-0.38531,-0.36445,0.88222,0.41106
SA(0.14),0.88638,0.88625,0.88719,0.88749,0.88613,0.88559,0.88547,0.88515,0.88513,0.8873,0.88865,0.89028,0.89089,0.89105,0.89138,0.89218,0.89625,0.9,0.90121,0.90181,0.90205,0.90462,0.90746,0.91248,0.91913,0.92611,0.93386,0.95096,0.96914,0.988,0.99314,1,0.9878,0.97016,0.9534,0.93697,0.91917,0.90314,0.87508,0.83785,0.81743,0.80034,0.76853,0.75259,0.73748,0.71201,0.68927,0.67696,0.66265,0.63562,0.61476,0.59356,0.5732,0.56454,0.55711,0.54116,0.52526,0.48472,0.45118,0.42764,0.42293,0.40886,0.38553,0.36407,0.34917,0.3335,0.31442,0.2986,0.27463,0.26194,0.25145,0.24744,0.2336,0.2308,0.21889,0.20482,0.19816,0.18854,0.18453,0.18356,0.18979,0.1887,0.18464,0.18051,0.17734,0.17928,0.17866,0.17903,0.17428,0.18216,0.18471,0.18343,0.18303,0.18188,0.18451,0.18617,0.18679,0.17657,0.18566,0.18417,0.20254,0.2085,0.20223,0.19622,0.16408,-0.40015,-0.37577,0.88593,0.42277
SA(0.15),0.88901,0.88777,0.88822,0.88766,0.88525,0.88436,0.88355,0.88234,0.88198,0.88264,0.88333,0.88452,0.88482,0.88459,0.88426,0.88469,0.88648,0.8881,0.88848,0.88866,0.88817,0.88953,0.89202,0.89742,0.90351,0.91025,0.91725,0.93445,0.95182,0.97037,0.97582,0.9878,1,0.98887,0.97193,0.95447,0.93662,0.92013,0.89194,0.85586,0.83563,0.81859,0.78613,0.7701,0.75515,0.73029,0.70768,0.69573,0.6819,0.6545,0.63259,0.61206,0.59225,0.58376,0.57658,0.56041,0.54433,0.50292,0.47015,0.44643,0.44203,0.42865,0.40579,0.38366,0.36877,0.35289,0.33401,0.31768,0.29181,0.27955,0.26991,0.26674,0.2533,0.25096,0.23903,0.22485,0.21733,0.2076,0.20061,0.19674,0.20233,0.20089,0.19669,0.19255,0.18864,0.19108,0.19124,0.19164,0.18654,0.19694,0.19859,0.19702,0.19539,0.19333,0.19537,0.197,0.19913,0.19168,0.20117,0.1996,0.21997,0.22528,0.21944,0.21289,0.18029,-0.41194,-0.38774,0.88857,0.44227
SA(0.16),0.88965,0.88772,0.88797,0.88673,0.88332,0.88213,0.88052,0.87788,0.87711,0.87615,0.87586,0.87638,0.87637,0.87578,0.87462,0.87461,0.87449,0.87408,0.87272,0.87229,0.87094,0.8711,0.87301,0.87836,0.8843,0.89074,0.89753,0.91508,0.93242,0.95216,0.95781,0.97016,0.98887,1,0.98919,0.97198,0.95355,0.93628,0.90828,0.87332,0.8537,0.83689,0.80434,0.78834,0.77388,0.74982,0.7279,0.7158,0.70175,0.67408,0.65208,0.63259,0.61309,0.60461,0.59738,0.58142,0.56539,0.52453,0.49189,0.46721,0.46281,0.45042,0.42851,0.4056,0.38937,0.37263,0.35299,0.33565,0.30844,0.29576,0.28668,0.28369,0.27036,0.26784,0.25649,0.24214,0.23442,0.22568,0.21733,0.2111,0.21512,0.213,0.20887,0.20493,0.20118,0.20334,0.20407,0.20434,0.19916,0.21038,0.21155,0.21089,0.2089,0.20606,0.20712,0.20813,0.21105,0.20665,0.21735,0.21526,0.23666,0.2415,0.23727,0.23125,0.19811,-0.42508,-0.39798,0.88913,0.46204
SA(0.17),0.88971,0.88706,0.88708,0.88532,0.88124,0.87982,0.87754,0.87396,0.87279,0.87019,0.8691,0.86879,0.86834,0.86737,0.86575,0.86511,0.86249,0.86035,0.85738,0.85628,0.85429,0.85335,0.85447,0.8596,0.86534,0.87112,0.87795,0.89553,0.91314,0.93422,0.94045,0.9534,0.97193,0.98919,1,0.98969,0.97128,0.95353,0.92454,0.89011,0.87147,0.85486,0.82324,0.808,0.79414,0.7709,0.74938,0.73706,0.72293,0.69517,0.67352,0.65465,0.63492,0.62628,0.61882,0.60276,0.58721,0.54623,0.51317,0.48759,0.48304,0.47119,0.45004,0.42697,0.41115,0.3946,0.37483,0.35713,0.32902,0.31613,0.30746,0.30387,0.2907,0.28763,0.27674,0.26203,0.25398,0.2453,0.23526,0.22744,0.2312,0.22884,0.2246,0.22118,0.21794,0.21969,0.21974,0.21934,0.21314,0.22257,0.22399,0.22488,0.22316,0.2205,0.22156,0.22318,0.22599,0.22468,0.23527,0.23269,0.25409,0.25842,0.25475,0.24875,0.21479,-0.43181,-0.40205,0.88917,0.48171
SA(0.18),0.89007,0.8867,0.88624,0.88374,0.87868,0.87692,0.87386,0.86875,0.86705,0.86295,0.861,0.86003,0.85907,0.85764,0.8555,0.85454,0.85097,0.8472,0.84295,0.84135,0.83852,0.83657,0.83761,0.84256,0.84787,0.85316,0.85987,0.87814,0.89515,0.91719,0.92367,0.93697,0.95447,0.97198,0.98969,1,0.98945,0.9726,0.9417,0.90793,0.88989,0.87421,0.84336,0.82802,0.81379,0.79,0.76931,0.75721,0.74315,0.71594,0.69421,0.67544,0.65539,0.64648,0.63913,0.62381,0.60883,0.5695,0.53641,0.51086,0.50629,0.49451,0.47341,0.45056,0.43496,0.41824,0.39819,0.3805,0.35159,0.33863,0.3285,0.32418,0.31107,0.30768,0.29673,0.28246,0.27455,0.26606,0.25507,0.2468,0.2499,0.24732,0.24319,0.23939,0.23568,0.2364,0.23595,0.23525,0.22942,0.23576,0.23672,0.23798,0.23715,0.23419,0.23519,0.23613,0.23955,0.23861,0.24728,0.24453,0.26661,0.27087,0.26583,0.25945,0.22625,-0.4375,-0.40298,0.88953,0.49749
SA(0.19),0.89008,0.88632,0.88546,0.88227,0.87607,0.8741,0.87052,0.864,0.86175,0.85646,0.85339,0.85157,0.85015,0.84837,0.84547,0.84385,0.83885,0.83299,0.82729,0.82522,0.82197,0.81938,0.82015,0.82473,0.82971,0.83396,0.84063,0.85885,0.87565,0.89869,0.90545,0.91917,0.93662,0.95355,0.97128,0.98945,1,0.99041,0.95899,0.92584,0.90861,0.89325,0.86261,0.84736,0.83294,0.81013,0.78953,0.77761,0.76407,0.73711,0.71581,0.69802,0.67873,0.67006,0.66285,0.64731,0.63226,0.59465,0.56226,0.53593,0.53106,0.51912,0.49784,0.47461,0.45802,0.4413,0.42112,0.40305,0.37332,0.35994,0.34918,0.34573,0.3331,0.32955,0.31755,0.30359,0.29561,0.28772,0.27548,0.26639,0.26985,0.26702,0.26262,0.25859,0.25513,0.25548,0.25436,0.25359,0.24763,0.25355,0.25493,0.25564,0.25486,0.2521,0.25218,0.2524,0.25633,0.25511,0.2642,0.262,0.28439,0.28812,0.28299,0.27631,0.2433,-0.4335,-0.40068,0.88952,0.5174
SA(0.2),0.89,0.88612,0.88483,0.88103,0.87396,0.8719,0.86776,0.86036,0.85779,0.85125,0.84738,0.84497,0.84323,0.84118,0.8372,0.83453,0.82798,0.82024,0.8128,0.8104,0.80672,0.80321,0.80431,0.80861,0.81277,0.81667,0.82322,0.84123,0.85877,0.88248,0.88912,0.90314,0.92013,0.93628,0.95353,0.9726,0.99041,1,0.97553,0.94276,0.92612,0.91059,0.8803,0.86539,0.85126,0.82939,0.80867,0.79692,0.78401,0.75678,0.73579,0.71852,0.6996,0.69086,0.68354,0.66729,0.65215,0.61521,0.58348,0.5573,0.5521,0.5397,0.51734,0.49384,0.47632,0.45972,0.43944,0.42121,0.3919,0.37876,0.36739,0.36441,0.3515,0.34704,0.33356,0.31957,0.31169,0.30475,0.29096,0.2803,0.28325,0.27971,0.27535,0.27151,0.26827,0.26809,0.26724,0.26647,0.26022,0.26746,0.26926,0.26993,0.26967,0.26749,0.26694,0.26651,0.27063,0.26881,0.27901,0.27678,0.29662,0.30022,0.2942,0.28686,0.25312,-0.43675,-0.40529,0.88935,0.53502
SA(0.22),0.8882,0.88387,0.88224,0.87718,0.86856,0.86602,0.86084,0.85193,0.84874,0.83997,0.83499,0.83131,0.82902,0.82649,0.82185,0.81819,0.80958,0.79977,0.79082,0.78796,0.78329,0.77857,0.77867,0.78169,0.78544,0.78951,0.79568,0.81339,0.82989,0.85395,0.86037,0.87508,0.89194,0.90828,0.92454,0.9417,0.95899,0.97553,1,0.97583,0.95931,0.94317,0.91339,0.8989,0.88536,0.86396,0.84411,0.83241,0.81966,0.79286,0.77243,0.75532,0.73775,0.72903,0.72133,0.70421,0.68866,0.6535,0.6218,0.59761,0.59275,0.58048,0.55654,0.53115,0.51281,0.49565,0.4761,0.45858,0.42995,0.41605,0.40471,0.40107,0.38745,0.38071,0.36676,0.35258,0.34407,0.33659,0.32365,0.31141,0.31116,0.307,0.30263,0.29921,0.29517,0.29425,0.29305,0.2915,0.28388,0.29035,0.29079,0.29135,0.29227,0.29072,0.29206,0.29346,0.29998,0.2995,0.3107,0.30779,0.32184,0.32556,0.3177,0.31073,0.27706,-0.4372,-0.41114,0.88755,0.56621
SA(0.24),0.87856,0.87371,0.87176,0.86589,0.8557,0.85278,0.84643,0.83596,0.83213,0.82137,0.81545,0.81085,0.8079,0.80465,0.79911,0.79468,0.78502,0.77363,0.76234,0.75854,0.75267,0.74686,0.74616,0.74796,0.75062,0.75423,0.75978,0.77637,0.79114,0.81606,0.82253,0.83785,0.85586,0.87332,0.89011,0.90793,0.92584,0.94276,0.97583,1,0.99242,0.97754,0.94698,0.93256,0.91931,0.89874,0.88075,0.86951,0.85722,0.82973,0.80848,0.79113,0.7737,0.76534,0.75822,0.74244,0.72736,0.69547,0.66242,0.63691,0.63207,0.61982,0.59643,0.5724,0.55397,0.53649,0.51634,0.49816,0.46945,0.45438,0.44157,0.4362,0.42293,0.41404,0.39987,0.3858,0.37592,0.36797,0.35389,0.34023,0.33701,0.33196,0.32597,0.32256,0.31786,0.31666,0.31304,0.31091,0.30294,0.3067,0.30598,0.3054,0.30657,0.30452,0.30484,0.30498,0.31036,0.30895,0.3197,0.31769,0.32789,0.33482,0.32709,0.32062,0.28355,-0.43686,-0.40398,0.87803,0.5889
SA(0.25),0.87023,0.86505,0.86285,0.85635,0.84566,0.84256,0.83565,0.8246,0.82045,0.80905,0.80255,0.7974,0.79418,0.79063,0.78455,0.77944,0.76866,0.75631,0.74396,0.74,0.73386,0.72753,0.72622,0.72747,0.72953,0.73269,0.73813,0.75447,0.76964,0.79524,0.80201,0.81743,0.83563,0.8537,0.87147,0.88989,0.90861,0.92612,0.95931,0.99242,1,0.99253,0.96432,0.94998,0.93653,0.91582,0.89794,0.88695,0.87542,0.84893,0.82832,0.81094,0.79339,0.78506,0.77781,0.76176,0.74671,0.71522,0.6822,0.65531,0.65027,0.63813,0.61495,0.59187,0.57328,0.5553,0.53534,0.51797,0.48947,0.47421,0.46132,0.45552,0.44238,0.43343,0.41934,0.40547,0.3955,0.38769,0.37267,0.35862,0.35472,0.34949,0.34392,0.34081,0.33602,0.33465,0.33065,0.3283,0.32053,0.3229,0.3222,0.32125,0.32221,0.31946,0.31926,0.31892,0.3232,0.31993,0.33072,0.32933,0.33957,0.34648,0.33961,0.33345,0.29427,-0.43405,-0.39921,0.8698,0.60363
SA(0.26),0.86316,0.85764,0.85516,0.84813,0.83699,0.83372,0.82616,0.81462,0.81018,0.79827,0.79119,0.78557,0.78213,0.77831,0.77183,0.76625,0.75487,0.74186,0.72881,0.72449,0.71812,0.71151,0.70966,0.71017,0.71144,0.71394,0.71945,0.73633,0.75168,0.77781,0.78469,0.80034,0.81859,0.83689,0.85486,0.87421,0.89325,0.91059,0.94317,0.97754,0.99253,1,0.98061,0.96644,0.95246,0.9304,0.91201,0.90112,0.89015,0.86453,0.84497,0.82799,0.81023,0.80191,0.79449,0.77849,0.76375,0.73244,0.69896,0.67074,0.66537,0.65286,0.62951,0.60659,0.588,0.56957,0.55005,0.53386,0.50509,0.48959,0.47652,0.47025,0.45656,0.44755,0.43373,0.42009,0.41027,0.40229,0.38616,0.37116,0.36686,0.36153,0.35643,0.35343,0.3482,0.34638,0.34205,0.33958,0.33254,0.3333,0.33248,0.33061,0.33075,0.32718,0.32577,0.32387,0.32814,0.32384,0.33508,0.33467,0.34514,0.35198,0.34541,0.33917,0.29905,-0.4352,-0.39957,0.86278,0.61483
SA(0.28),0.85007,0.84403,0.84094,0.83344,0.82191,0.8183,0.80996,0.79809,0.79341,0.78024,0.7726,0.76591,0.76188,0.75763,0.75081,0.74489,0.73301,0.71769,0.70343,0.69866,0.6922,0.68493,0.68171,0.68115,0.68154,0.68354,0.68831,0.70496,0.7198,0.74605,0.75285,0.76853,0.78613,0.80434,0.82324,0.84336,0.86261,0.8803,0.91339,0.94698,0.96432,0.98061,1,0.99398,0.98164,0.9572,0.93616,0.92515,0.91365,0.88894,0.86953,0.85268,0.83608,0.82812,0.82086,0.80539,0.79047,0.75753,0.72262,0.69435,0.68892,0.67642,0.65431,0.63118,0.61179,0.593,0.57444,0.55931,0.53168,0.51473,0.50121,0.49474,0.4815,0.47129,0.4567,0.44295,0.43288,0.42413,0.40828,0.39086,0.38691,0.38148,0.37586,0.37204,0.36612,0.36242,0.35791,0.35521,0.34919,0.34905,0.34722,0.34389,0.34239,0.3394,0.33679,0.33343,0.33653,0.33031,0.34418,0.34637,0.35586,0.3637,0.35835,0.35247,0.31352,-0.43636,-0.4,0.84985,0.63312
SA(0.29),0.844,0.83793,0.83457,0.82687,0.81513,0.81141,0.80285,0.79059,0.78576,0.77201,0.76406,0.75692,0.75267,0.74828,0.74138,0.73541,0.72315,0.70661,0.69158,0.68652,0.67986,0.6721,0.66806,0.66656,0.66687,0.66897,0.67363,0.6901,0.70422,0.72996,0.73676,0.75259,0.7701,0.78834,0.808,0.82802,0.84736,0.86539,0.8989,0.93256,0.94998,0.96644,0.99398,1,0.99395,0.97079,0.9482,0.93712,0.92585,0.90187,0.88271,0.86629,0.84988,0.84173,0.83439,0.81908,0.8041,0.77059,0.73477,0.70621,0.70049,0.68806,0.66723,0.64463,0.62565,0.60749,0.58884,0.57381,0.54686,0.52896,0.51553,0.50882,0.49575,0.48531,0.46959,0.45479,0.44407,0.4344,0.41806,0.39919,0.39555,0.38995,0.38337,0.37916,0.37249,0.36841,0.36377,0.36079,0.35403,0.35331,0.35139,0.34761,0.34563,0.3427,0.34048,0.33721,0.34019,0.33531,0.34879,0.3515,0.36101,0.36897,0.36539,0.35977,0.3209,-0.43518,-0.39844,0.84387,0.64156
SA(0.3),0.8389,0.83279,0.8292,0.82129,0.80935,0.8055,0.79677,0.78408,0.77912,0.76491,0.75686,0.74956,0.74517,0.7407,0.73375,0.72762,0.71461,0.69727,0.68183,0.67651,0.66938,0.66098,0.65643,0.65407,0.65386,0.65584,0.65996,0.67627,0.68999,0.71506,0.72175,0.73748,0.75515,0.77388,0.79414,0.81379,0.83294,0.85126,0.88536,0.91931,0.93653,0.95246,0.98164,0.99395,1,0.98469,0.96201,0.95084,0.9398,0.91647,0.89742,0.88161,0.86575,0.85757,0.8504,0.83537,0.8204,0.78592,0.75051,0.7218,0.71602,0.70377,0.68383,0.66154,0.64281,0.62506,0.6068,0.5917,0.56586,0.5483,0.53541,0.52789,0.5142,0.50334,0.48648,0.47089,0.45943,0.44877,0.43173,0.41164,0.40807,0.40199,0.39366,0.38917,0.38266,0.37851,0.37385,0.37061,0.36252,0.35999,0.35792,0.35418,0.35148,0.34821,0.34634,0.34345,0.34635,0.34137,0.35349,0.35574,0.36506,0.37286,0.37001,0.36449,0.3253,-0.43509,-0.39778,0.83883,0.6536
SA(0.32),0.82922,0.82257,0.81851,0.81001,0.79745,0.79341,0.7844,0.7713,0.76622,0.75091,0.74232,0.73465,0.72997,0.72524,0.71785,0.71141,0.69647,0.67812,0.6617,0.65624,0.6489,0.63927,0.63438,0.63094,0.62917,0.62994,0.63335,0.64976,0.66359,0.68892,0.69555,0.71201,0.73029,0.74982,0.7709,0.79,0.81013,0.82939,0.86396,0.89874,0.91582,0.9304,0.9572,0.97079,0.98469,1,0.98667,0.97639,0.96584,0.94354,0.92422,0.90786,0.89203,0.88394,0.87683,0.86107,0.84613,0.81234,0.77945,0.75175,0.74568,0.73344,0.71302,0.69022,0.67124,0.65369,0.63545,0.62113,0.59693,0.58058,0.56833,0.56114,0.54772,0.53622,0.5186,0.50188,0.48902,0.47655,0.45817,0.43625,0.43227,0.42612,0.41592,0.41116,0.40522,0.40133,0.39655,0.39303,0.38396,0.37986,0.37683,0.37322,0.37009,0.36606,0.36428,0.36113,0.36286,0.35679,0.36746,0.3671,0.37341,0.38067,0.37744,0.37186,0.33245,-0.43169,-0.39241,0.82925,0.67715
SA(0.34),0.81811,0.81116,0.80686,0.79808,0.78517,0.78112,0.77173,0.75804,0.75273,0.73672,0.72759,0.71925,0.71422,0.70899,0.70134,0.69464,0.6789,0.66039,0.64327,0.63778,0.63044,0.62006,0.6145,0.61031,0.60801,0.60851,0.61155,0.62711,0.64093,0.66627,0.67304,0.68927,0.70768,0.7279,0.74938,0.76931,0.78953,0.80867,0.84411,0.88075,0.89794,0.91201,0.93616,0.9482,0.96201,0.98667,1,0.99615,0.98791,0.9664,0.94583,0.92836,0.91159,0.90323,0.89569,0.87945,0.86412,0.82941,0.7983,0.77215,0.76636,0.7539,0.73282,0.71071,0.69243,0.6752,0.65785,0.64399,0.61968,0.60362,0.5918,0.58441,0.57127,0.5589,0.54114,0.52388,0.51002,0.49738,0.479,0.45659,0.45175,0.44545,0.43427,0.42931,0.42241,0.41762,0.41195,0.408,0.39863,0.39421,0.39072,0.38603,0.38219,0.37686,0.37536,0.37328,0.37387,0.3691,0.38009,0.37906,0.38485,0.39058,0.3875,0.38212,0.34461,-0.42885,-0.38884,0.81824,0.68966
SA(0.35),0.81174,0.80473,0.80025,0.79118,0.77802,0.77394,0.76428,0.7502,0.74475,0.72861,0.71926,0.71061,0.70543,0.69997,0.69208,0.68525,0.66921,0.65037,0.63313,0.62757,0.62013,0.60926,0.60333,0.59904,0.59649,0.59672,0.59962,0.61487,0.62868,0.65381,0.66061,0.67696,0.69573,0.7158,0.73706,0.75721,0.77761,0.79692,0.83241,0.86951,0.88695,0.90112,0.92515,0.93712,0.95084,0.97639,0.99615,1,0.99615,0.97688,0.95619,0.93824,0.92108,0.9126,0.90497,0.88887,0.87352,0.83772,0.80664,0.78077,0.77484,0.76188,0.74066,0.71933,0.701,0.68361,0.66644,0.65248,0.62825,0.61224,0.60052,0.59294,0.57934,0.567,0.54917,0.53143,0.51722,0.50436,0.48646,0.4647,0.4596,0.45293,0.4416,0.43656,0.42866,0.42331,0.4172,0.41294,0.4031,0.39825,0.39449,0.38948,0.38505,0.37915,0.37764,0.37532,0.37572,0.37126,0.38323,0.38201,0.38789,0.39293,0.39038,0.38485,0.34792,-0.42914,-0.38764,0.81194,0.69463
SA(0.36),0.80457,0.79747,0.79288,0.78363,0.77033,0.76626,0.75635,0.74189,0.73632,0.72,0.71033,0.70146,0.69615,0.69049,0.68242,0.67546,0.65886,0.63911,0.6216,0.61584,0.60804,0.59652,0.59045,0.5863,0.58321,0.58295,0.58569,0.6006,0.6144,0.6396,0.64631,0.66265,0.6819,0.70175,0.72293,0.74315,0.76407,0.78401,0.81966,0.85722,0.87542,0.89015,0.91365,0.92585,0.9398,0.96584,0.98791,0.99615,1,0.98746,0.96791,0.94975,0.93186,0.92318,0.91525,0.89902,0.88358,0.84751,0.81666,0.79045,0.78437,0.77124,0.75024,0.72979,0.7117,0.69473,0.67814,0.66437,0.64073,0.62424,0.61196,0.60372,0.58961,0.57695,0.55913,0.54127,0.52699,0.51439,0.49632,0.47485,0.46963,0.46275,0.4512,0.44585,0.43749,0.43132,0.42487,0.42032,0.41016,0.40489,0.40118,0.39617,0.39128,0.38499,0.38334,0.38044,0.37988,0.37649,0.38875,0.38715,0.39205,0.39612,0.39391,0.38805,0.35025,-0.42446,-0.38338,0.80482,0.70101
SA(0.38),0.78873,0.7814,0.77673,0.76752,0.75429,0.75027,0.7401,0.72513,0.71951,0.7028,0.69264,0.68355,0.67815,0.6722,0.66387,0.65657,0.63935,0.61873,0.6001,0.59401,0.58553,0.5731,0.56656,0.56225,0.55832,0.55718,0.55953,0.57277,0.58659,0.61238,0.61922,0.63562,0.6545,0.67408,0.69517,0.71594,0.73711,0.75678,0.79286,0.82973,0.84893,0.86453,0.88894,0.90187,0.91647,0.94354,0.9664,0.97688,0.98746,1,0.98991,0.97233,0.95357,0.94473,0.93604,0.91876,0.90313,0.86837,0.83891,0.81249,0.80605,0.79275,0.77279,0.75377,0.73638,0.72025,0.70433,0.69098,0.66816,0.65227,0.63859,0.62852,0.61349,0.60008,0.58213,0.56451,0.55005,0.53795,0.51876,0.49643,0.49132,0.48421,0.47197,0.46546,0.45692,0.44992,0.44325,0.43842,0.42767,0.42201,0.41845,0.4133,0.40751,0.40101,0.39912,0.39461,0.39269,0.39004,0.40233,0.39959,0.4026,0.40498,0.40191,0.39667,0.35643,-0.41258,-0.37573,0.78907,0.71289
SA(0.4),0.77726,0.76988,0.7651,0.75603,0.74279,0.73869,0.72823,0.71288,0.70721,0.69022,0.67957,0.6702,0.6647,0.65862,0.6498,0.64199,0.62412,0.60247,0.58292,0.57647,0.5674,0.55392,0.54696,0.54259,0.53815,0.5366,0.53844,0.55187,0.56611,0.59223,0.59878,0.61476,0.63259,0.65208,0.67352,0.69421,0.71581,0.73579,0.77243,0.80848,0.82832,0.84497,0.86953,0.88271,0.89742,0.92422,0.94583,0.95619,0.96791,0.98991,1,0.99036,0.97345,0.96479,0.95597,0.93829,0.92284,0.88872,0.85978,0.83375,0.82695,0.81348,0.79342,0.77457,0.75692,0.74055,0.72426,0.71075,0.68822,0.6729,0.65902,0.64868,0.6333,0.61914,0.60055,0.58247,0.56807,0.55583,0.53589,0.51273,0.50771,0.50023,0.48797,0.48094,0.47219,0.4646,0.45804,0.45284,0.4418,0.43643,0.43286,0.4286,0.42243,0.41516,0.41094,0.40587,0.40372,0.40033,0.41125,0.40708,0.41109,0.41231,0.40941,0.40418,0.36224,-0.40768,-0.37163,0.77757,0.72489
SA(0.42),0.76595,0.75847,0.75351,0.74435,0.73106,0.72694,0.71617,0.70043,0.69459,0.67727,0.66615,0.65648,0.65093,0.64473,0.63545,0.62717,0.60834,0.58573,0.56548,0.55863,0.54893,0.53498,0.52739,0.52312,0.51861,0.51688,0.51877,0.53206,0.54601,0.57177,0.57813,0.59356,0.61206,0.63259,0.65465,0.67544,0.69802,0.71852,0.75532,0.79113,0.81094,0.82799,0.85268,0.86629,0.88161,0.90786,0.92836,0.93824,0.94975,0.97233,0.99036,1,0.99112,0.98353,0.97511,0.95792,0.94283,0.90857,0.87958,0.85415,0.84693,0.83318,0.81298,0.79433,0.77711,0.76027,0.74329,0.72936,0.7069,0.69224,0.67911,0.66855,0.6527,0.63812,0.61912,0.60018,0.58512,0.57268,0.55222,0.52878,0.52427,0.51716,0.50704,0.49976,0.49031,0.48259,0.4755,0.47005,0.45865,0.452,0.44868,0.44514,0.43923,0.43144,0.42519,0.41919,0.41605,0.41217,0.42074,0.41514,0.42131,0.42202,0.41929,0.4143,0.37249,-0.40186,-0.36607,0.76636,0.737
SA(0.44),0.75456,0.74658,0.74142,0.73176,0.71821,0.71403,0.70304,0.68726,0.68131,0.66354,0.65214,0.64224,0.63658,0.63021,0.62047,0.61177,0.59176,0.56881,0.54795,0.54074,0.53092,0.5167,0.50899,0.50461,0.49984,0.49789,0.49957,0.51293,0.52659,0.55241,0.55863,0.5732,0.59225,0.61309,0.63492,0.65539,0.67873,0.6996,0.73775,0.7737,0.79339,0.81023,0.83608,0.84988,0.86575,0.89203,0.91159,0.92108,0.93186,0.95357,0.97345,0.99112,1,0.99755,0.99172,0.97681,0.96258,0.92834,0.89941,0.87545,0.86827,0.85487,0.8349,0.81576,0.79843,0.78162,0.76469,0.75096,0.7285,0.71307,0.69967,0.68857,0.6726,0.65816,0.63927,0.62042,0.60546,0.59288,0.57283,0.54927,0.54421,0.53673,0.52724,0.51937,0.50953,0.50147,0.4936,0.48782,0.47579,0.46928,0.46581,0.46289,0.4575,0.44973,0.44306,0.4358,0.43204,0.42773,0.43421,0.429,0.43477,0.43551,0.43198,0.42701,0.38636,-0.39482,-0.36276,0.75509,0.75133
SA(0.45),0.74943,0.74147,0.73625,0.72644,0.71274,0.70854,0.69746,0.68176,0.67577,0.65768,0.64618,0.63608,0.63033,0.62384,0.61384,0.60494,0.58437,0.56136,0.54024,0.53288,0.52302,0.5088,0.50112,0.49657,0.49166,0.48942,0.49097,0.50454,0.51823,0.54416,0.55033,0.56454,0.58376,0.60461,0.62628,0.64648,0.67006,0.69086,0.72903,0.76534,0.78506,0.80191,0.82812,0.84173,0.85757,0.88394,0.90323,0.9126,0.92318,0.94473,0.96479,0.98353,0.99755,1,0.99757,0.98537,0.97177,0.93766,0.90855,0.88446,0.87715,0.86401,0.8442,0.82477,0.80735,0.79069,0.77404,0.76037,0.73784,0.72191,0.70822,0.69713,0.68123,0.66713,0.64828,0.62939,0.61428,0.60122,0.581,0.55725,0.55204,0.54443,0.53468,0.52673,0.51694,0.50877,0.50058,0.4947,0.48261,0.47635,0.47265,0.4697,0.46411,0.45621,0.44967,0.44163,0.43738,0.43203,0.4382,0.4334,0.43927,0.43997,0.43566,0.43069,0.39048,-0.39174,-0.36122,0.75001,0.75671
SA(0.46),0.74517,0.73722,0.732,0.72205,0.70811,0.70384,0.69271,0.67713,0.67113,0.65283,0.64124,0.63094,0.62503,0.61843,0.6081,0.59905,0.57798,0.55503,0.53391,0.52646,0.51648,0.50221,0.49458,0.48987,0.48487,0.4824,0.48352,0.49738,0.51105,0.53722,0.54327,0.55711,0.57658,0.59738,0.61882,0.63913,0.66285,0.68354,0.72133,0.75822,0.77781,0.79449,0.82086,0.83439,0.8504,0.87683,0.89569,0.90497,0.91525,0.93604,0.95597,0.97511,0.99172,0.99757,1,0.9928,0.98041,0.94649,0.91708,0.89271,0.88527,0.8722,0.85264,0.83319,0.81581,0.79931,0.78283,0.76942,0.74692,0.73029,0.71608,0.70495,0.689,0.67522,0.65654,0.6376,0.62221,0.60907,0.5885,0.56478,0.55969,0.5521,0.54235,0.53435,0.52442,0.51636,0.50776,0.50163,0.48942,0.4829,0.47889,0.47576,0.46998,0.46216,0.45585,0.447,0.44232,0.43602,0.44205,0.43745,0.44414,0.44481,0.43938,0.43418,0.39404,-0.38997,-0.35869,0.74578,0.76169
SA(0.48),0.73419,0.72618,0.72095,0.71077,0.69629,0.69191,0.68053,0.66475,0.65873,0.64016,0.62839,0.6178,0.61171,0.60503,0.59436,0.58522,0.56348,0.54041,0.51933,0.51169,0.50141,0.48702,0.47926,0.47394,0.46907,0.46669,0.46747,0.48165,0.49499,0.52145,0.52757,0.54116,0.56041,0.58142,0.60276,0.62381,0.64731,0.66729,0.70421,0.74244,0.76176,0.77849,0.80539,0.81908,0.83537,0.86107,0.87945,0.88887,0.89902,0.91876,0.93829,0.95792,0.97681,0.98537,0.9928,1,0.99389,0.96222,0.93208,0.90744,0.89985,0.88678,0.8679,0.8498,0.83303,0.81684,0.80036,0.78703,0.76459,0.74698,0.73154,0.71978,0.70361,0.69026,0.67266,0.65431,0.63887,0.62569,0.60464,0.58106,0.57631,0.56876,0.55844,0.55001,0.54062,0.53213,0.52273,0.51618,0.50359,0.49468,0.49041,0.48696,0.48102,0.47255,0.46592,0.4553,0.45131,0.44403,0.44964,0.44478,0.45219,0.45248,0.44579,0.44041,0.39953,-0.383,-0.35006,0.73493,0.76943
SA(0.5),0.72367,0.71552,0.71028,0.70002,0.68535,0.68088,0.6692,0.65302,0.64693,0.62801,0.61602,0.6053,0.5991,0.59241,0.58162,0.57235,0.54997,0.52664,0.50549,0.49766,0.48708,0.47201,0.46426,0.45865,0.45414,0.45185,0.45234,0.46581,0.47877,0.5056,0.51171,0.52526,0.54433,0.56539,0.58721,0.60883,0.63226,0.65215,0.68866,0.72736,0.74671,0.76375,0.79047,0.8041,0.8204,0.84613,0.86412,0.87352,0.88358,0.90313,0.92284,0.94283,0.96258,0.97177,0.98041,0.99389,1,0.97598,0.94511,0.92008,0.91244,0.89919,0.87977,0.86241,0.84586,0.82985,0.81301,0.7998,0.77721,0.75924,0.74336,0.73053,0.71361,0.70096,0.68468,0.66693,0.65147,0.63809,0.61651,0.59271,0.58807,0.58036,0.56893,0.56035,0.55204,0.54345,0.53401,0.5272,0.5141,0.50458,0.50032,0.49646,0.48986,0.48059,0.47398,0.4627,0.458,0.45047,0.45531,0.45021,0.45809,0.45929,0.45263,0.44705,0.40563,-0.37593,-0.34451,0.72449,0.77532
SA(0.55),0.69373,0.68563,0.68043,0.67036,0.65543,0.65097,0.63901,0.62208,0.61585,0.5964,0.58373,0.57235,0.56591,0.55912,0.54797,0.5381,0.51413,0.48884,0.46627,0.45825,0.4472,0.43028,0.42187,0.41587,0.41148,0.40914,0.40964,0.42354,0.43781,0.46551,0.47146,0.48472,0.50292,0.52453,0.54623,0.5695,0.59465,0.61521,0.6535,0.69547,0.71522,0.73244,0.75753,0.77059,0.78592,0.81234,0.82941,0.83772,0.84751,0.86837,0.88872,0.90857,0.92834,0.93766,0.94649,0.96222,0.97598,1,0.9787,0.95205,0.94457,0.93122,0.91048,0.89329,0.87693,0.85995,0.84272,0.82944,0.80658,0.78831,0.77226,0.75846,0.7422,0.7305,0.71453,0.69718,0.68125,0.66677,0.64365,0.61953,0.61518,0.60719,0.59178,0.58141,0.57284,0.56372,0.55353,0.54644,0.53196,0.52141,0.517,0.51351,0.50565,0.4961,0.48959,0.4775,0.4732,0.46775,0.47131,0.46646,0.47649,0.47856,0.47084,0.46593,0.4258,-0.35894,-0.33008,0.69497,0.79011
SA(0.6),0.67121,0.66312,0.65768,0.6475,0.633,0.62869,0.61678,0.59995,0.5937,0.57368,0.56089,0.54932,0.54267,0.53583,0.5242,0.51401,0.48773,0.4612,0.43791,0.42966,0.41821,0.40035,0.39154,0.385,0.38021,0.37763,0.37676,0.39093,0.40557,0.43255,0.43822,0.45118,0.47015,0.49189,0.51317,0.53641,0.56226,0.58348,0.6218,0.66242,0.6822,0.69896,0.72262,0.73477,0.75051,0.77945,0.7983,0.80664,0.81666,0.83891,0.85978,0.87958,0.89941,0.90855,0.91708,0.93208,0.94511,0.9787,1,0.98317,0.97575,0.96117,0.93876,0.9204,0.90313,0.88661,0.87058,0.85791,0.83593,0.81845,0.80225,0.7889,0.77237,0.76036,0.74363,0.72642,0.71156,0.69775,0.67421,0.64855,0.64329,0.635,0.61754,0.60467,0.59509,0.5848,0.57376,0.56626,0.55137,0.54003,0.53501,0.53013,0.5208,0.51046,0.50343,0.48846,0.48333,0.4789,0.48092,0.47576,0.48843,0.48896,0.48,0.47542,0.43793,-0.34413,-0.31956,0.67271,0.80476
SA(0.65),0.64986,0.64198,0.63657,0.62623,0.61166,0.60727,0.59538,0.57843,0.57204,0.55236,0.53984,0.52818,0.52125,0.51429,0.50276,0.49267,0.46522,0.4386,0.41455,0.40636,0.39486,0.3769,0.36697,0.36041,0.3552,0.3533,0.35245,0.36631,0.38085,0.40902,0.41471,0.42764,0.44643,0.46721,0.48759,0.51086,0.53593,0.5573,0.59761,0.63691,0.65531,0.67074,0.69435,0.70621,0.7218,0.75175,0.77215,0.78077,0.79045,0.81249,0.83375,0.85415,0.87545,0.88446,0.89271,0.90744,0.92008,0.95205,0.98317,1,0.99755,0.98549,0.96292,0.94368,0.92506,0.90808,0.89253,0.87996,0.8558,0.83621,0.81894,0.80645,0.79044,0.7768,0.76011,0.7432,0.72854,0.71495,0.69143,0.66496,0.65834,0.64986,0.63084,0.6177,0.60712,0.59586,0.5842,0.57671,0.56188,0.55024,0.54527,0.53929,0.52993,0.51992,0.51295,0.49836,0.49468,0.49016,0.49185,0.48564,0.50123,0.50205,0.49276,0.48896,0.45663,-0.329,-0.31164,0.65158,0.81454
SA(0.667),0.64559,0.63772,0.63244,0.62222,0.60774,0.60327,0.5915,0.57452,0.5681,0.54843,0.53603,0.52445,0.51753,0.51057,0.49901,0.48906,0.46152,0.43452,0.41041,0.40211,0.39045,0.37233,0.36226,0.35577,0.35021,0.34863,0.34809,0.36141,0.37572,0.40404,0.40977,0.42293,0.44203,0.46281,0.48304,0.50629,0.53106,0.5521,0.59275,0.63207,0.65027,0.66537,0.68892,0.70049,0.71602,0.74568,0.76636,0.77484,0.78437,0.80605,0.82695,0.84693,0.86827,0.87715,0.88527,0.89985,0.91244,0.94457,0.97575,0.99755,1,0.99255,0.97038,0.95053,0.93157,0.9144,0.89872,0.88601,0.86069,0.84082,0.82389,0.81163,0.79567,0.78175,0.76536,0.74853,0.73385,0.72051,0.69718,0.67076,0.66377,0.65521,0.63608,0.62267,0.61223,0.60085,0.58912,0.58156,0.56685,0.55519,0.55058,0.54404,0.53484,0.52499,0.51825,0.50388,0.50066,0.49608,0.49807,0.49195,0.50775,0.50849,0.49956,0.49534,0.46306,-0.32479,-0.30857,0.64735,0.81684
SA(0.7),0.63334,0.62557,0.62048,0.61035,0.59603,0.5915,0.57983,0.56274,0.55635,0.53646,0.52395,0.51242,0.50548,0.49842,0.48674,0.47681,0.44914,0.42144,0.39724,0.38898,0.377,0.35888,0.34928,0.34243,0.33622,0.33428,0.33382,0.34674,0.36116,0.39002,0.39568,0.40886,0.42865,0.45042,0.47119,0.49451,0.51912,0.5397,0.58048,0.61982,0.63813,0.65286,0.67642,0.68806,0.70377,0.73344,0.7539,0.76188,0.77124,0.79275,0.81348,0.83318,0.85487,0.86401,0.8722,0.88678,0.89919,0.93122,0.96117,0.98549,0.99255,1,0.986,0.96583,0.94581,0.92715,0.91068,0.89744,0.8712,0.85225,0.83537,0.82276,0.8071,0.79334,0.77741,0.7606,0.74591,0.73217,0.70877,0.68242,0.67479,0.66626,0.647,0.63314,0.622,0.61004,0.59874,0.59108,0.57672,0.56444,0.56015,0.55272,0.54364,0.53421,0.52888,0.5159,0.51293,0.50898,0.51001,0.50378,0.51707,0.51672,0.50743,0.50228,0.46831,-0.31547,-0.2995,0.63517,0.81959
SA(0.75),0.61545,0.60778,0.60287,0.59281,0.57821,0.57372,0.56221,0.54496,0.53864,0.51846,0.50602,0.49432,0.48711,0.47987,0.46799,0.45797,0.42974,0.40106,0.37653,0.36796,0.3552,0.33656,0.32773,0.32218,0.3159,0.31342,0.31194,0.32315,0.33685,0.36642,0.37196,0.38553,0.40579,0.42851,0.45004,0.47341,0.49784,0.51734,0.55654,0.59643,0.61495,0.62951,0.65431,0.66723,0.68383,0.71302,0.73282,0.74066,0.75024,0.77279,0.79342,0.81298,0.8349,0.8442,0.85264,0.8679,0.87977,0.91048,0.93876,0.96292,0.97038,0.986,1,0.98786,0.96816,0.94861,0.9319,0.91857,0.89419,0.87573,0.85736,0.84363,0.82926,0.81604,0.80093,0.78461,0.76989,0.75443,0.73037,0.70337,0.69554,0.68689,0.6668,0.65294,0.64098,0.62869,0.61821,0.6109,0.59749,0.58336,0.57916,0.57135,0.56221,0.55274,0.5485,0.53469,0.52986,0.5251,0.5238,0.51726,0.52854,0.52669,0.5184,0.51176,0.47696,-0.30424,-0.28795,0.61742,0.82626
SA(0.8),0.59779,0.59047,0.58545,0.57536,0.56028,0.55579,0.54422,0.52715,0.52077,0.50059,0.48825,0.47635,0.46908,0.46184,0.44994,0.43982,0.41138,0.38256,0.35788,0.34915,0.33657,0.3178,0.30895,0.30374,0.29726,0.29436,0.29284,0.30306,0.316,0.34574,0.35117,0.36407,0.38366,0.4056,0.42697,0.45056,0.47461,0.49384,0.53115,0.5724,0.59187,0.60659,0.63118,0.64463,0.66154,0.69022,0.71071,0.71933,0.72979,0.75377,0.77457,0.79433,0.81576,0.82477,0.83319,0.8498,0.86241,0.89329,0.9204,0.94368,0.95053,0.96583,0.98786,1,0.98949,0.97129,0.95511,0.94172,0.91804,0.89791,0.87765,0.86233,0.84778,0.83558,0.82108,0.80462,0.78983,0.77546,0.75203,0.72509,0.71682,0.70849,0.6888,0.67487,0.66214,0.64969,0.63979,0.63285,0.61945,0.60415,0.5992,0.58996,0.57927,0.5687,0.56426,0.54703,0.53977,0.53265,0.52906,0.52177,0.53341,0.53023,0.52332,0.5171,0.48415,-0.29672,-0.27862,0.59988,0.82775
SA(0.85),0.58384,0.57648,0.57145,0.56163,0.54662,0.5421,0.53063,0.51396,0.5077,0.48777,0.47554,0.46367,0.45648,0.44929,0.43747,0.42751,0.39887,0.36978,0.34503,0.33644,0.324,0.30514,0.29666,0.2915,0.28525,0.28293,0.2817,0.29132,0.30211,0.33076,0.33607,0.34917,0.36877,0.38937,0.41115,0.43496,0.45802,0.47632,0.51281,0.55397,0.57328,0.588,0.61179,0.62565,0.64281,0.67124,0.69243,0.701,0.7117,0.73638,0.75692,0.77711,0.79843,0.80735,0.81581,0.83303,0.84586,0.87693,0.90313,0.92506,0.93157,0.94581,0.96816,0.98949,1,0.99045,0.97544,0.96137,0.9365,0.91552,0.89466,0.87862,0.86375,0.85172,0.83726,0.82037,0.80584,0.79186,0.76769,0.74112,0.73331,0.72544,0.70611,0.69156,0.67891,0.66662,0.65677,0.64966,0.63595,0.62084,0.61496,0.60453,0.59293,0.58076,0.57548,0.55579,0.54775,0.53982,0.53517,0.52751,0.53874,0.53453,0.52773,0.52065,0.48759,-0.28965,-0.26625,0.58601,0.8284
SA(0.9),0.56984,0.56241,0.55727,0.54761,0.53272,0.5282,0.51681,0.50013,0.49406,0.47443,0.4623,0.45056,0.4434,0.43617,0.42443,0.41461,0.38602,0.35637,0.33177,0.32311,0.31098,0.29201,0.2836,0.27805,0.27182,0.26885,0.2671,0.2771,0.28674,0.31488,0.3203,0.3335,0.35289,0.37263,0.3946,0.41824,0.4413,0.45972,0.49565,0.53649,0.5553,0.56957,0.593,0.60749,0.62506,0.65369,0.6752,0.68361,0.69473,0.72025,0.74055,0.76027,0.78162,0.79069,0.79931,0.81684,0.82985,0.85995,0.88661,0.90808,0.9144,0.92715,0.94861,0.97129,0.99045,1,0.99202,0.97841,0.95349,0.93184,0.91158,0.89551,0.88051,0.86817,0.85381,0.83739,0.82339,0.80966,0.78491,0.75922,0.75173,0.74406,0.72478,0.71023,0.69843,0.68623,0.67651,0.66921,0.65511,0.64113,0.63413,0.62331,0.6114,0.59844,0.59294,0.57088,0.56132,0.55279,0.54697,0.53993,0.55074,0.54575,0.5389,0.53182,0.49973,-0.28538,-0.26249,0.57208,0.83109
SA(0.95),0.55342,0.54592,0.54066,0.53092,0.51606,0.51162,0.50027,0.48368,0.47766,0.45797,0.44592,0.43419,0.427,0.41968,0.40782,0.39778,0.36892,0.33912,0.31483,0.30634,0.29406,0.2748,0.26602,0.2598,0.2538,0.25025,0.24784,0.25845,0.26829,0.29598,0.30158,0.31442,0.33401,0.35299,0.37483,0.39819,0.42112,0.43944,0.4761,0.51634,0.53534,0.55005,0.57444,0.58884,0.6068,0.63545,0.65785,0.66644,0.67814,0.70433,0.72426,0.74329,0.76469,0.77404,0.78283,0.80036,0.81301,0.84272,0.87058,0.89253,0.89872,0.91068,0.9319,0.95511,0.97544,0.99202,1,0.99292,0.96865,0.94596,0.92585,0.90937,0.89492,0.88244,0.86878,0.85358,0.83983,0.82588,0.80112,0.77561,0.76847,0.76111,0.74227,0.72821,0.71649,0.70392,0.69454,0.68726,0.67337,0.6579,0.64981,0.63834,0.62563,0.61184,0.60563,0.58213,0.57151,0.56006,0.55269,0.5447,0.55301,0.54769,0.54111,0.53451,0.50591,-0.27874,-0.25764,0.55574,0.83089
SA(1.0),0.53904,0.5314,0.52597,0.51622,0.50144,0.497,0.48547,0.46904,0.46309,0.44349,0.4316,0.41982,0.4126,0.40524,0.39322,0.3832,0.35375,0.32366,0.29945,0.29102,0.2784,0.25879,0.24983,0.24373,0.23811,0.23445,0.23129,0.24214,0.25236,0.2802,0.286,0.2986,0.31768,0.33565,0.35713,0.3805,0.40305,0.42121,0.45858,0.49816,0.51797,0.53386,0.55931,0.57381,0.5917,0.62113,0.64399,0.65248,0.66437,0.69098,0.71075,0.72936,0.75096,0.76037,0.76942,0.78703,0.7998,0.82944,0.85791,0.87996,0.88601,0.89744,0.91857,0.94172,0.96137,0.97841,0.99292,1,0.98222,0.9584,0.93802,0.92126,0.90674,0.89372,0.87986,0.86466,0.85069,0.83652,0.81183,0.78616,0.77945,0.77215,0.75301,0.73878,0.72668,0.71456,0.70522,0.69779,0.68378,0.66673,0.6581,0.64565,0.6326,0.61827,0.61118,0.58772,0.57659,0.56295,0.55351,0.54396,0.54946,0.5438,0.53768,0.53132,0.50567,-0.26943,-0.24983,0.54141,0.82818
SA(1.1),0.51425,0.50651,0.50099,0.49141,0.47676,0.47228,0.46087,0.44411,0.43816,0.41899,0.40743,0.39583,0.38865,0.38135,0.36947,0.35953,0.33,0.29921,0.27493,0.2662,0.25326,0.23426,0.22582,0.22037,0.21471,0.21042,0.20688,0.21746,0.22936,0.25716,0.26281,0.27463,0.29181,0.30844,0.32902,0.35159,0.37332,0.3919,0.42995,0.46945,0.48947,0.50509,0.53168,0.54686,0.56586,0.59693,0.61968,0.62825,0.64073,0.66816,0.68822,0.7069,0.7285,0.73784,0.74692,0.76459,0.77721,0.80658,0.83593,0.8558,0.86069,0.8712,0.89419,0.91804,0.9365,0.95349,0.96865,0.98222,1,0.98379,0.96084,0.94212,0.92647,0.91154,0.89632,0.88006,0.86564,0.85054,0.8257,0.79984,0.7929,0.78475,0.76539,0.75063,0.7388,0.7277,0.71904,0.71153,0.69676,0.67802,0.66853,0.65568,0.64234,0.62778,0.61994,0.59673,0.58508,0.57159,0.5611,0.55069,0.55542,0.54911,0.54431,0.53789,0.51442,-0.24839,-0.23101,0.51664,0.82252
SA(1.2),0.50134,0.49382,0.48853,0.47978,0.46624,0.46194,0.45095,0.43432,0.42866,0.40972,0.39829,0.38697,0.37993,0.37288,0.36129,0.35093,0.32061,0.2901,0.26562,0.25708,0.24331,0.22346,0.21522,0.21018,0.20454,0.19992,0.19649,0.20621,0.21837,0.24489,0.25031,0.26194,0.27955,0.29576,0.31613,0.33863,0.35994,0.37876,0.41605,0.45438,0.47421,0.48959,0.51473,0.52896,0.5483,0.58058,0.60362,0.61224,0.62424,0.65227,0.6729,0.69224,0.71307,0.72191,0.73029,0.74698,0.75924,0.78831,0.81845,0.83621,0.84082,0.85225,0.87573,0.89791,0.91552,0.93184,0.94596,0.9584,0.98379,1,0.98583,0.96592,0.94827,0.93268,0.91806,0.90232,0.88738,0.87153,0.84558,0.81975,0.81303,0.80433,0.78371,0.76983,0.75981,0.74994,0.74161,0.73418,0.71845,0.69859,0.68904,0.67683,0.66443,0.65061,0.64071,0.61667,0.60108,0.58559,0.57477,0.56371,0.56923,0.56355,0.55958,0.55291,0.52886,-0.23377,-0.22114,0.50374,0.82396
SA(1.3),0.49094,0.48388,0.4788,0.47043,0.45756,0.45337,0.44276,0.42629,0.42076,0.40216,0.39086,0.37973,0.37272,0.36578,0.35475,0.34429,0.31365,0.2828,0.25849,0.24985,0.23553,0.21502,0.20653,0.20162,0.19584,0.19107,0.18783,0.19771,0.20944,0.23522,0.24038,0.25145,0.26991,0.28668,0.30746,0.3285,0.34918,0.36739,0.40471,0.44157,0.46132,0.47652,0.50121,0.51553,0.53541,0.56833,0.5918,0.60052,0.61196,0.63859,0.65902,0.67911,0.69967,0.70822,0.71608,0.73154,0.74336,0.77226,0.80225,0.81894,0.82389,0.83537,0.85736,0.87765,0.89466,0.91158,0.92585,0.93802,0.96084,0.98583,1,0.98794,0.9701,0.9535,0.93838,0.92283,0.90814,0.89259,0.86721,0.84186,0.83463,0.82547,0.80373,0.79018,0.78011,0.7711,0.76295,0.75581,0.74021,0.71875,0.70856,0.69635,0.68308,0.6693,0.65785,0.63421,0.61644,0.59923,0.58857,0.57645,0.58542,0.58046,0.57772,0.57108,0.5481,-0.2289,-0.2197,0.49343,0.82936
SA(1.4),0.48357,0.47672,0.4718,0.46387,0.45128,0.44708,0.43657,0.42043,0.41493,0.39649,0.38534,0.37474,0.36797,0.36129,0.35064,0.34015,0.30962,0.27851,0.25424,0.24584,0.23188,0.21158,0.20379,0.19939,0.19365,0.18874,0.18545,0.19539,0.20577,0.23195,0.23712,0.24744,0.26674,0.28369,0.30387,0.32418,0.34573,0.36441,0.40107,0.4362,0.45552,0.47025,0.49474,0.50882,0.52789,0.56114,0.58441,0.59294,0.60372,0.62852,0.64868,0.66855,0.68857,0.69713,0.70495,0.71978,0.73053,0.75846,0.7889,0.80645,0.81163,0.82276,0.84363,0.86233,0.87862,0.89551,0.90937,0.92126,0.94212,0.96592,0.98794,1,0.98931,0.97222,0.95645,0.93995,0.92478,0.90916,0.88493,0.85942,0.85185,0.84274,0.82055,0.80571,0.79463,0.78519,0.77696,0.77,0.75508,0.73471,0.72427,0.712,0.69865,0.68495,0.67238,0.64932,0.63063,0.6128,0.60138,0.58913,0.60061,0.59529,0.59176,0.58452,0.56234,-0.23114,-0.21834,0.48614,0.8307
SA(1.5),0.46642,0.45922,0.45439,0.44669,0.43405,0.42983,0.41941,0.40351,0.39794,0.37932,0.36785,0.35735,0.35071,0.34414,0.33342,0.32298,0.29326,0.2623,0.2376,0.22895,0.21482,0.1949,0.18746,0.18336,0.17723,0.17234,0.16918,0.17981,0.18983,0.21648,0.22228,0.2336,0.2533,0.27036,0.2907,0.31107,0.3331,0.3515,0.38745,0.42293,0.44238,0.45656,0.4815,0.49575,0.5142,0.54772,0.57127,0.57934,0.58961,0.61349,0.6333,0.6527,0.6726,0.68123,0.689,0.70361,0.71361,0.7422,0.77237,0.79044,0.79567,0.8071,0.82926,0.84778,0.86375,0.88051,0.89492,0.90674,0.92647,0.94827,0.9701,0.98931,1,0.99014,0.97437,0.95771,0.94191,0.92661,0.90215,0.87442,0.86532,0.85616,0.83427,0.82023,0.80885,0.79795,0.78979,0.78294,0.76847,0.75043,0.74016,0.72835,0.7155,0.70231,0.68969,0.66581,0.64642,0.62793,0.61469,0.60157,0.61074,0.60568,0.60241,0.59503,0.57431,-0.2232,-0.20802,0.46898,0.82676
SA(1.6),0.46214,0.4548,0.44995,0.44254,0.43035,0.4263,0.41612,0.40085,0.39547,0.37679,0.36541,0.35484,0.34818,0.34158,0.33063,0.3201,0.29057,0.26058,0.23564,0.22703,0.21326,0.1937,0.18658,0.18176,0.1753,0.16998,0.16658,0.1783,0.18806,0.21363,0.21933,0.2308,0.25096,0.26784,0.28763,0.30768,0.32955,0.34704,0.38071,0.41404,0.43343,0.44755,0.47129,0.48531,0.50334,0.53622,0.5589,0.567,0.57695,0.60008,0.61914,0.63812,0.65816,0.66713,0.67522,0.69026,0.70096,0.7305,0.76036,0.7768,0.78175,0.79334,0.81604,0.83558,0.85172,0.86817,0.88244,0.89372,0.91154,0.93268,0.9535,0.97222,0.99014,1,0.99082,0.97551,0.95959,0.94382,0.91908,0.89083,0.88117,0.87186,0.85045,0.83782,0.82625,0.81599,0.80862,0.80169,0.78722,0.77081,0.76112,0.7504,0.73832,0.72502,0.71279,0.68766,0.66786,0.64819,0.63369,0.61974,0.62755,0.62238,0.61736,0.61015,0.58939,-0.21949,-0.19945,0.46469,0.82698
SA(1.7),0.44857,0.44092,0.43655,0.42925,0.41746,0.4134,0.40334,0.38798,0.38257,0.3635,0.35216,0.34183,0.33515,0.32856,0.3179,0.30804,0.27929,0.25,0.2258,0.21742,0.20358,0.18455,0.1773,0.17199,0.16518,0.15949,0.15564,0.16668,0.17655,0.20186,0.20758,0.21889,0.23903,0.25649,0.27674,0.29673,0.31755,0.33356,0.36676,0.39987,0.41934,0.43373,0.4567,0.46959,0.48648,0.5186,0.54114,0.54917,0.55913,0.58213,0.60055,0.61912,0.63927,0.64828,0.65654,0.67266,0.68468,0.71453,0.74363,0.76011,0.76536,0.77741,0.80093,0.82108,0.83726,0.85381,0.86878,0.87986,0.89632,0.91806,0.93838,0.95645,0.97437,0.99082,1,0.99185,0.97741,0.96105,0.93491,0.90677,0.89675,0.88712,0.86565,0.85331,0.8417,0.8317,0.82444,0.81744,0.8031,0.78554,0.77628,0.76625,0.75423,0.74088,0.72896,0.70302,0.6829,0.66143,0.64514,0.63102,0.63983,0.6343,0.62752,0.62022,0.59852,-0.20131,-0.18585,0.45102,0.8221
SA(1.8),0.43366,0.42615,0.422,0.41495,0.40338,0.39944,0.38958,0.37488,0.36967,0.35093,0.33971,0.3295,0.32298,0.31655,0.30584,0.29587,0.26715,0.23829,0.21452,0.20632,0.19265,0.17389,0.16656,0.16069,0.1528,0.14684,0.14268,0.15288,0.16325,0.18828,0.19388,0.20482,0.22485,0.24214,0.26203,0.28246,0.30359,0.31957,0.35258,0.3858,0.40547,0.42009,0.44295,0.45479,0.47089,0.50188,0.52388,0.53143,0.54127,0.56451,0.58247,0.60018,0.62042,0.62939,0.6376,0.65431,0.66693,0.69718,0.72642,0.7432,0.74853,0.7606,0.78461,0.80462,0.82037,0.83739,0.85358,0.86466,0.88006,0.90232,0.92283,0.93995,0.95771,0.97551,0.99185,1,0.99258,0.97782,0.95078,0.92332,0.91305,0.90344,0.88162,0.86819,0.85589,0.84511,0.83746,0.8303,0.81607,0.79917,0.78985,0.77951,0.76737,0.75428,0.74273,0.71617,0.69562,0.67197,0.65426,0.63944,0.6471,0.6412,0.63408,0.62686,0.60397,-0.19158,-0.17806,0.43604,0.81755
SA(1.9),0.42672,0.41959,0.4156,0.40891,0.39803,0.39428,0.38482,0.37085,0.36587,0.3475,0.33653,0.32663,0.32029,0.31405,0.30361,0.29362,0.26492,0.23591,0.21205,0.20396,0.1904,0.17174,0.16466,0.15843,0.15027,0.14413,0.13975,0.1492,0.15875,0.18292,0.18799,0.19816,0.21733,0.23442,0.25398,0.27455,0.29561,0.31169,0.34407,0.37592,0.3955,0.41027,0.43288,0.44407,0.45943,0.48902,0.51002,0.51722,0.52699,0.55005,0.56807,0.58512,0.60546,0.61428,0.62221,0.63887,0.65147,0.68125,0.71156,0.72854,0.73385,0.74591,0.76989,0.78983,0.80584,0.82339,0.83983,0.85069,0.86564,0.88738,0.90814,0.92478,0.94191,0.95959,0.97741,0.99258,1,0.99197,0.96683,0.94063,0.93052,0.92065,0.89865,0.88378,0.8701,0.85839,0.85039,0.84325,0.82925,0.81176,0.80236,0.79175,0.77976,0.7671,0.75528,0.72785,0.70761,0.68477,0.66631,0.6511,0.66026,0.65433,0.64801,0.64081,0.61671,-0.18691,-0.17741,0.42911,0.8166
SA(2.0),0.41928,0.41281,0.40907,0.40263,0.39162,0.38802,0.37838,0.36425,0.35932,0.34092,0.32985,0.31981,0.31341,0.30704,0.29639,0.2859,0.25676,0.22727,0.20426,0.19623,0.18292,0.16416,0.15715,0.15057,0.1416,0.13657,0.13247,0.14186,0.15051,0.17399,0.17868,0.18854,0.2076,0.22568,0.2453,0.26606,0.28772,0.30475,0.33659,0.36797,0.38769,0.40229,0.42413,0.4344,0.44877,0.47655,0.49738,0.50436,0.51439,0.53795,0.55583,0.57268,0.59288,0.60122,0.60907,0.62569,0.63809,0.66677,0.69775,0.71495,0.72051,0.73217,0.75443,0.77546,0.79186,0.80966,0.82588,0.83652,0.85054,0.87153,0.89259,0.90916,0.92661,0.94382,0.96105,0.97782,0.99197,1,0.98327,0.95832,0.94802,0.93787,0.91644,0.90019,0.88523,0.87264,0.86487,0.85743,0.84263,0.82504,0.81532,0.80473,0.79299,0.78006,0.76737,0.73786,0.71707,0.69459,0.6747,0.65931,0.67187,0.66593,0.65955,0.65218,0.62785,-0.17717,-0.17323,0.42156,0.81274
SA(2.2),0.41326,0.40732,0.40369,0.39761,0.38749,0.38414,0.37514,0.36205,0.35752,0.33959,0.32895,0.31925,0.31305,0.30694,0.29687,0.28654,0.25748,0.22868,0.20645,0.1989,0.1862,0.16691,0.15936,0.15243,0.14256,0.13743,0.13293,0.14041,0.14849,0.17168,0.17583,0.18453,0.20061,0.21733,0.23526,0.25507,0.27548,0.29096,0.32365,0.35389,0.37267,0.38616,0.40828,0.41806,0.43173,0.45817,0.479,0.48646,0.49632,0.51876,0.53589,0.55222,0.57283,0.581,0.5885,0.60464,0.61651,0.64365,0.67421,0.69143,0.69718,0.70877,0.73037,0.75203,0.76769,0.78491,0.80112,0.81183,0.8257,0.84558,0.86721,0.88493,0.90215,0.91908,0.93491,0.95078,0.96683,0.98327,1,0.98572,0.975,0.96448,0.94289,0.92629,0.9111,0.89837,0.8904,0.88276,0.86729,0.84878,0.83797,0.82681,0.81521,0.80278,0.78993,0.76003,0.73819,0.71617,0.69426,0.67875,0.69112,0.68432,0.6765,0.66828,0.64562,-0.16676,-0.16421,0.41556,0.81077
SA(2.4),0.40755,0.40222,0.39886,0.39324,0.38397,0.38105,0.37284,0.36086,0.35665,0.33996,0.32994,0.32065,0.31468,0.30892,0.29899,0.28867,0.2606,0.23266,0.21066,0.20336,0.19076,0.17119,0.16397,0.15735,0.1475,0.14187,0.13749,0.14387,0.15121,0.17319,0.17673,0.18356,0.19674,0.2111,0.22744,0.2468,0.26639,0.2803,0.31141,0.34023,0.35862,0.37116,0.39086,0.39919,0.41164,0.43625,0.45659,0.4647,0.47485,0.49643,0.51273,0.52878,0.54927,0.55725,0.56478,0.58106,0.59271,0.61953,0.64855,0.66496,0.67076,0.68242,0.70337,0.72509,0.74112,0.75922,0.77561,0.78616,0.79984,0.81975,0.84186,0.85942,0.87442,0.89083,0.90677,0.92332,0.94063,0.95832,0.98572,1,0.99546,0.98696,0.96535,0.94813,0.9333,0.92078,0.91286,0.9056,0.89049,0.87085,0.85829,0.84549,0.83303,0.81995,0.80672,0.7758,0.75242,0.72921,0.70599,0.68864,0.69819,0.6909,0.68118,0.67167,0.6493,-0.15425,-0.15263,0.40992,0.80392
SA(2.5),0.41245,0.40737,0.40421,0.39926,0.39041,0.38766,0.37981,0.3686,0.36473,0.34868,0.33881,0.32959,0.32366,0.318,0.30812,0.29804,0.27016,0.2426,0.22021,0.21338,0.20118,0.18139,0.17519,0.16875,0.15935,0.15421,0.14941,0.15357,0.16023,0.18143,0.18413,0.18979,0.20233,0.21512,0.2312,0.2499,0.26985,0.28325,0.31116,0.33701,0.35472,0.36686,0.38691,0.39555,0.40807,0.43227,0.45175,0.4596,0.46963,0.49132,0.50771,0.52427,0.54421,0.55204,0.55969,0.57631,0.58807,0.61518,0.64329,0.65834,0.66377,0.67479,0.69554,0.71682,0.73331,0.75173,0.76847,0.77945,0.7929,0.81303,0.83463,0.85185,0.86532,0.88117,0.89675,0.91305,0.93052,0.94802,0.975,0.99546,1,0.99599,0.97755,0.96033,0.94528,0.93216,0.92432,0.91686,0.90158,0.88214,0.86931,0.85634,0.84319,0.82965,0.81635,0.78457,0.76045,0.73612,0.71363,0.69547,0.70444,0.69646,0.68565,0.67554,0.65271,-0.15458,-0.15374,0.41489,0.80408
SA(2.6),0.40994,0.40528,0.40226,0.39752,0.38915,0.38659,0.37914,0.36841,0.36463,0.34914,0.3395,0.33041,0.3246,0.31907,0.30941,0.29955,0.27185,0.24456,0.22205,0.21528,0.2034,0.18341,0.17668,0.17026,0.16094,0.15552,0.15067,0.15466,0.16084,0.18102,0.18348,0.1887,0.20089,0.213,0.22884,0.24732,0.26702,0.27971,0.307,0.33196,0.34949,0.36153,0.38148,0.38995,0.40199,0.42612,0.44545,0.45293,0.46275,0.48421,0.50023,0.51716,0.53673,0.54443,0.5521,0.56876,0.58036,0.60719,0.635,0.64986,0.65521,0.66626,0.68689,0.70849,0.72544,0.74406,0.76111,0.77215,0.78475,0.80433,0.82547,0.84274,0.85616,0.87186,0.88712,0.90344,0.92065,0.93787,0.96448,0.98696,0.99599,1,0.98835,0.97226,0.95699,0.94309,0.93498,0.92739,0.9119,0.89232,0.87958,0.86652,0.85289,0.83937,0.82622,0.79392,0.76904,0.74316,0.72017,0.70166,0.71017,0.70212,0.69035,0.6801,0.65735,-0.14933,-0.14634,0.41234,0.80096
SA(2.8),0.4075,0.40324,0.40037,0.39595,0.38853,0.38615,0.37929,0.36909,0.36551,0.35074,0.34145,0.33279,0.32728,0.3218,0.31208,0.30261,0.27539,0.24817,0.22575,0.21863,0.20669,0.18724,0.18003,0.17328,0.16333,0.15746,0.15204,0.1563,0.16019,0.17789,0.18004,0.18464,0.19669,0.20887,0.2246,0.24319,0.26262,0.27535,0.30263,0.32597,0.34392,0.35643,0.37586,0.38337,0.39366,0.41592,0.43427,0.4416,0.4512,0.47197,0.48797,0.50704,0.52724,0.53468,0.54235,0.55844,0.56893,0.59178,0.61754,0.63084,0.63608,0.647,0.6668,0.6888,0.70611,0.72478,0.74227,0.75301,0.76539,0.78371,0.80373,0.82055,0.83427,0.85045,0.86565,0.88162,0.89865,0.91644,0.94289,0.96535,0.97755,0.98835,1,0.99098,0.97631,0.96112,0.95331,0.94559,0.93034,0.91159,0.89859,0.88543,0.87126,0.85773,0.84451,0.81004,0.78218,0.75335,0.72877,0.70996,0.71628,0.7074,0.69567,0.68515,0.66409,-0.14894,-0.14798,0.40974,0.79648
SA(3.0),0.40302,0.399,0.39639,0.39213,0.38509,0.38278,0.376,0.3656,0.36198,0.34699,0.33778,0.32909,0.3236,0.31809,0.30839,0.29888,0.27183,0.24491,0.22294,0.21579,0.20407,0.18503,0.17732,0.17005,0.15924,0.15264,0.1476,0.15227,0.15581,0.17347,0.17594,0.18051,0.19255,0.20493,0.22118,0.23939,0.25859,0.27151,0.29921,0.32256,0.34081,0.35343,0.37204,0.37916,0.38917,0.41116,0.42931,0.43656,0.44585,0.46546,0.48094,0.49976,0.51937,0.52673,0.53435,0.55001,0.56035,0.58141,0.60467,0.6177,0.62267,0.63314,0.65294,0.67487,0.69156,0.71023,0.72821,0.73878,0.75063,0.76983,0.79018,0.80571,0.82023,0.83782,0.85331,0.86819,0.88378,0.90019,0.92629,0.94813,0.96033,0.97226,0.99098,1,0.99194,0.97736,0.96959,0.96185,0.94573,0.9276,0.91404,0.90042,0.88575,0.87197,0.85773,0.82271,0.79383,0.76375,0.73788,0.71885,0.72302,0.71408,0.70315,0.69332,0.67435,-0.14036,-0.14066,0.40518,0.79198
SA(3.2),0.39714,0.39343,0.39106,0.38716,0.38054,0.37824,0.37159,0.36112,0.35758,0.34311,0.33406,0.32548,0.32002,0.31465,0.3052,0.29584,0.26806,0.24106,0.21876,0.21139,0.1996,0.18091,0.1726,0.16525,0.15418,0.14737,0.14337,0.14823,0.15167,0.16989,0.17232,0.17734,0.18864,0.20118,0.21794,0.23568,0.25513,0.26827,0.29517,0.31786,0.33602,0.3482,0.36612,0.37249,0.38266,0.40522,0.42241,0.42866,0.43749,0.45692,0.47219,0.49031,0.50953,0.51694,0.52442,0.54062,0.55204,0.57284,0.59509,0.60712,0.61223,0.622,0.64098,0.66214,0.67891,0.69843,0.71649,0.72668,0.7388,0.75981,0.78011,0.79463,0.80885,0.82625,0.8417,0.85589,0.8701,0.88523,0.9111,0.9333,0.94528,0.95699,0.97631,0.99194,1,0.99245,0.98608,0.97906,0.96341,0.9456,0.932,0.91811,0.9034,0.88906,0.87356,0.83794,0.80923,0.77903,0.75201,0.7332,0.73501,0.72524,0.71433,0.70364,0.68434,-0.1324,-0.13299,0.39923,0.79067
SA(3.4),0.39517,0.39142,0.38909,0.38522,0.37828,0.3759,0.36941,0.35901,0.35538,0.34125,0.33221,0.32361,0.31823,0.31291,0.30348,0.29439,0.2669,0.24034,0.2184,0.21107,0.19945,0.18123,0.17306,0.16591,0.15481,0.14828,0.14467,0.15024,0.15426,0.17209,0.17421,0.17928,0.19108,0.20334,0.21969,0.2364,0.25548,0.26809,0.29425,0.31666,0.33465,0.34638,0.36242,0.36841,0.37851,0.40133,0.41762,0.42331,0.43132,0.44992,0.4646,0.48259,0.50147,0.50877,0.51636,0.53213,0.54345,0.56372,0.5848,0.59586,0.60085,0.61004,0.62869,0.64969,0.66662,0.68623,0.70392,0.71456,0.7277,0.74994,0.7711,0.78519,0.79795,0.81599,0.8317,0.84511,0.85839,0.87264,0.89837,0.92078,0.93216,0.94309,0.96112,0.97736,0.99245,1,0.99776,0.99304,0.97911,0.96062,0.9472,0.93278,0.91797,0.90331,0.88749,0.85197,0.8231,0.79327,0.76604,0.7464,0.74605,0.73494,0.72332,0.71196,0.69201,-0.12,-0.11849,0.3972,0.7887
SA(3.5),0.39248,0.38885,0.38652,0.38289,0.37624,0.37387,0.36729,0.35716,0.35368,0.34003,0.33121,0.32263,0.31739,0.31217,0.30259,0.29347,0.26617,0.23995,0.21836,0.21092,0.19906,0.18052,0.17264,0.16554,0.15431,0.14773,0.14376,0.14917,0.15396,0.17136,0.17349,0.17866,0.19124,0.20407,0.21974,0.23595,0.25436,0.26724,0.29305,0.31304,0.33065,0.34205,0.35791,0.36377,0.37385,0.39655,0.41195,0.4172,0.42487,0.44325,0.45804,0.4755,0.4936,0.50058,0.50776,0.52273,0.53401,0.55353,0.57376,0.5842,0.58912,0.59874,0.61821,0.63979,0.65677,0.67651,0.69454,0.70522,0.71904,0.74161,0.76295,0.77696,0.78979,0.80862,0.82444,0.83746,0.85039,0.86487,0.8904,0.91286,0.92432,0.93498,0.95331,0.96959,0.98608,0.99776,1,0.99803,0.98661,0.96937,0.9561,0.94137,0.92638,0.91157,0.89567,0.86043,0.83127,0.80166,0.77445,0.75444,0.75195,0.74004,0.72788,0.71625,0.69665,-0.11429,-0.11366,0.39449,0.78639
SA(3.6),0.38955,0.386,0.38374,0.38023,0.37364,0.37133,0.36484,0.35477,0.35132,0.33803,0.3293,0.32091,0.3158,0.31069,0.30124,0.29217,0.26545,0.23972,0.21836,0.21093,0.19916,0.18076,0.173,0.16593,0.15466,0.14828,0.14452,0.1501,0.15477,0.17179,0.17386,0.17903,0.19164,0.20434,0.21934,0.23525,0.25359,0.26647,0.2915,0.31091,0.3283,0.33958,0.35521,0.36079,0.37061,0.39303,0.408,0.41294,0.42032,0.43842,0.45284,0.47005,0.48782,0.4947,0.50163,0.51618,0.5272,0.54644,0.56626,0.57671,0.58156,0.59108,0.6109,0.63285,0.64966,0.66921,0.68726,0.69779,0.71153,0.73418,0.75581,0.77,0.78294,0.80169,0.81744,0.8303,0.84325,0.85743,0.88276,0.9056,0.91686,0.92739,0.94559,0.96185,0.97906,0.99304,0.99803,1,0.99286,0.97665,0.96384,0.94912,0.93396,0.91922,0.9033,0.86854,0.83915,0.80899,0.78126,0.76092,0.75741,0.74509,0.73264,0.72116,0.70232,-0.10756,-0.10494,0.39156,0.78376
SA(3.8),0.38198,0.37851,0.37628,0.37295,0.36664,0.36445,0.35822,0.34837,0.34511,0.33241,0.32389,0.3159,0.31104,0.30603,0.29676,0.28775,0.26153,0.23627,0.21502,0.2078,0.1961,0.17745,0.16974,0.16243,0.1509,0.14508,0.14139,0.1471,0.15194,0.16819,0.16996,0.17428,0.18654,0.19916,0.21314,0.22942,0.24763,0.26022,0.28388,0.30294,0.32053,0.33254,0.34919,0.35403,0.36252,0.38396,0.39863,0.4031,0.41016,0.42767,0.4418,0.45865,0.47579,0.48261,0.48942,0.50359,0.5141,0.53196,0.55137,0.56188,0.56685,0.57672,0.59749,0.61945,0.63595,0.65511,0.67337,0.68378,0.69676,0.71845,0.74021,0.75508,0.76847,0.78722,0.8031,0.81607,0.82925,0.84263,0.86729,0.89049,0.90158,0.9119,0.93034,0.94573,0.96341,0.97911,0.98661,0.99286,1,0.98929,0.97897,0.9651,0.94934,0.93401,0.91776,0.8831,0.85327,0.82263,0.7941,0.77318,0.76758,0.75434,0.74087,0.72873,0.71116,-0.093491,-0.088856,0.38404,0.7768
SA(4.0),0.38947,0.38655,0.38452,0.38199,0.37702,0.37496,0.36851,0.35886,0.35589,0.34342,0.33482,0.3268,0.32186,0.31647,0.30726,0.2981,0.27111,0.24501,0.22268,0.21529,0.20403,0.18539,0.17833,0.17007,0.15808,0.15316,0.14901,0.15592,0.16348,0.17726,0.17798,0.18216,0.19694,0.21038,0.22257,0.23576,0.25355,0.26746,0.29035,0.3067,0.3229,0.3333,0.34905,0.35331,0.35999,0.37986,0.39421,0.39825,0.40489,0.42201,0.43643,0.452,0.46928,0.47635,0.4829,0.49468,0.50458,0.52141,0.54003,0.55024,0.55519,0.56444,0.58336,0.60415,0.62084,0.64113,0.6579,0.66673,0.67802,0.69859,0.71875,0.73471,0.75043,0.77081,0.78554,0.79917,0.81176,0.82504,0.84878,0.87085,0.88214,0.89232,0.91159,0.9276,0.9456,0.96062,0.96937,0.97665,0.98929,1,0.99437,0.98266,0.96754,0.95285,0.93687,0.9026,0.8728,0.84406,0.81728,0.7976,0.78694,0.77299,0.75852,0.74607,0.73053,-0.11218,-0.10364,0.39114,0.77413
SA(4.2),0.38925,0.38647,0.38479,0.38307,0.37849,0.37637,0.36991,0.36015,0.35713,0.34502,0.33665,0.32876,0.32377,0.31831,0.30901,0.29992,0.27292,0.24693,0.22461,0.21721,0.20603,0.1878,0.18145,0.17312,0.16112,0.15641,0.15233,0.15918,0.16693,0.18045,0.18121,0.18471,0.19859,0.21155,0.22399,0.23672,0.25493,0.26926,0.29079,0.30598,0.3222,0.33248,0.34722,0.35139,0.35792,0.37683,0.39072,0.39449,0.40118,0.41845,0.43286,0.44868,0.46581,0.47265,0.47889,0.49041,0.50032,0.517,0.53501,0.54527,0.55058,0.56015,0.57916,0.5992,0.61496,0.63413,0.64981,0.6581,0.66853,0.68904,0.70856,0.72427,0.74016,0.76112,0.77628,0.78985,0.80236,0.81532,0.83797,0.85829,0.86931,0.87958,0.89859,0.91404,0.932,0.9472,0.9561,0.96384,0.97897,0.99437,1,0.99473,0.98301,0.9702,0.95485,0.92131,0.89202,0.86393,0.83743,0.81781,0.80628,0.79256,0.77807,0.76556,0.7506,-0.097564,-0.091191,0.39084,0.77442
SA(4.4),0.3848,0.38196,0.3805,0.37891,0.37457,0.37253,0.36593,0.3562,0.35317,0.3409,0.33265,0.32502,0.32022,0.31469,0.30543,0.29636,0.27003,0.2448,0.22246,0.21554,0.2047,0.18679,0.18015,0.17162,0.15957,0.15516,0.15175,0.1592,0.16659,0.17951,0.18026,0.18343,0.19702,0.21089,0.22488,0.23798,0.25564,0.26993,0.29135,0.3054,0.32125,0.33061,0.34389,0.34761,0.35418,0.37322,0.38603,0.38948,0.39617,0.4133,0.4286,0.44514,0.46289,0.4697,0.47576,0.48696,0.49646,0.51351,0.53013,0.53929,0.54404,0.55272,0.57135,0.58996,0.60453,0.62331,0.63834,0.64565,0.65568,0.67683,0.69635,0.712,0.72835,0.7504,0.76625,0.77951,0.79175,0.80473,0.82681,0.84549,0.85634,0.86652,0.88543,0.90042,0.91811,0.93278,0.94137,0.94912,0.9651,0.98266,0.99473,1,0.99509,0.98564,0.97212,0.93957,0.91038,0.88257,0.85626,0.83663,0.82378,0.8108,0.79677,0.78457,0.77043,-0.086803,-0.079969,0.38631,0.77471
SA(4.6),0.38225,0.37946,0.37838,0.37718,0.37289,0.37089,0.36443,0.35514,0.35218,0.34012,0.33157,0.32369,0.31879,0.31316,0.30363,0.2945,0.26828,0.24343,0.22102,0.21398,0.20292,0.18538,0.17861,0.17029,0.15867,0.15458,0.1518,0.15877,0.16666,0.17966,0.1803,0.18303,0.19539,0.2089,0.22316,0.23715,0.25486,0.26967,0.29227,0.30657,0.32221,0.33075,0.34239,0.34563,0.35148,0.37009,0.38219,0.38505,0.39128,0.40751,0.42243,0.43923,0.4575,0.46411,0.46998,0.48102,0.48986,0.50565,0.5208,0.52993,0.53484,0.54364,0.56221,0.57927,0.59293,0.6114,0.62563,0.6326,0.64234,0.66443,0.68308,0.69865,0.7155,0.73832,0.75423,0.76737,0.77976,0.79299,0.81521,0.83303,0.84319,0.85289,0.87126,0.88575,0.9034,0.91797,0.92638,0.93396,0.94934,0.96754,0.98301,0.99509,1,0.99597,0.9861,0.95619,0.92713,0.89905,0.87302,0.85377,0.83881,0.82703,0.81416,0.80286,0.78927,-0.078694,-0.072724,0.3837,0.7754
SA(4.8),0.37575,0.37317,0.37227,0.3713,0.36724,0.36532,0.35916,0.3501,0.34715,0.33521,0.32677,0.31899,0.31409,0.30858,0.29917,0.28987,0.26389,0.23942,0.21758,0.21038,0.19917,0.18218,0.17567,0.16794,0.15687,0.15311,0.15096,0.15763,0.16527,0.17805,0.17893,0.18188,0.19333,0.20606,0.2205,0.23419,0.2521,0.26749,0.29072,0.30452,0.31946,0.32718,0.3394,0.3427,0.34821,0.36606,0.37686,0.37915,0.38499,0.40101,0.41516,0.43144,0.44973,0.45621,0.46216,0.47255,0.48059,0.4961,0.51046,0.51992,0.52499,0.53421,0.55274,0.5687,0.58076,0.59844,0.61184,0.61827,0.62778,0.65061,0.6693,0.68495,0.70231,0.72502,0.74088,0.75428,0.7671,0.78006,0.80278,0.81995,0.82965,0.83937,0.85773,0.87197,0.88906,0.90331,0.91157,0.91922,0.93401,0.95285,0.9702,0.98564,0.99597,1,0.99528,0.97043,0.94215,0.91359,0.88747,0.8686,0.85204,0.84107,0.82866,0.81858,0.80523,-0.068563,-0.062565,0.37724,0.77246
SA(5.0),0.37188,0.36933,0.36868,0.3672,0.36283,0.36084,0.35499,0.34552,0.34234,0.33037,0.32187,0.31433,0.30935,0.30403,0.29499,0.28567,0.25967,0.23594,0.2153,0.20813,0.19716,0.18063,0.17475,0.16689,0.15715,0.15433,0.15263,0.15822,0.16754,0.18117,0.18201,0.18451,0.19537,0.20712,0.22156,0.23519,0.25218,0.26694,0.29206,0.30484,0.31926,0.32577,0.33679,0.34048,0.34634,0.36428,0.37536,0.37764,0.38334,0.39912,0.41094,0.42519,0.44306,0.44967,0.45585,0.46592,0.47398,0.48959,0.50343,0.51295,0.51825,0.52888,0.5485,0.56426,0.57548,0.59294,0.60563,0.61118,0.61994,0.64071,0.65785,0.67238,0.68969,0.71279,0.72896,0.74273,0.75528,0.76737,0.78993,0.80672,0.81635,0.82622,0.84451,0.85773,0.87356,0.88749,0.89567,0.9033,0.91776,0.93687,0.95485,0.97212,0.9861,0.99528,1,0.98376,0.95752,0.92933,0.90289,0.88451,0.86587,0.85493,0.84218,0.8317,0.81828,-0.060808,-0.051016,0.37383,0.77326
SA(5.5),0.36137,0.35895,0.35863,0.35798,0.35468,0.35291,0.34709,0.33755,0.33453,0.32198,0.3128,0.30501,0.30005,0.29478,0.28597,0.27681,0.25234,0.23036,0.21118,0.20413,0.19304,0.17695,0.17199,0.1642,0.15479,0.1523,0.15212,0.15796,0.16734,0.1825,0.18352,0.18617,0.197,0.20813,0.22318,0.23613,0.2524,0.26651,0.29346,0.30498,0.31892,0.32387,0.33343,0.33721,0.34345,0.36113,0.37328,0.37532,0.38044,0.39461,0.40587,0.41919,0.4358,0.44163,0.447,0.4553,0.4627,0.4775,0.48846,0.49836,0.50388,0.5159,0.53469,0.54703,0.55579,0.57088,0.58213,0.58772,0.59673,0.61667,0.63421,0.64932,0.66581,0.68766,0.70302,0.71617,0.72785,0.73786,0.76003,0.7758,0.78457,0.79392,0.81004,0.82271,0.83794,0.85197,0.86043,0.86854,0.8831,0.9026,0.92131,0.93957,0.95619,0.97043,0.98376,1,0.98757,0.96355,0.93806,0.91924,0.89769,0.8861,0.87327,0.862,0.84794,-0.055987,-0.039712,0.36334,0.76628
SA(6.0),0.35445,0.35157,0.35125,0.3507,0.34763,0.34582,0.33958,0.33015,0.32716,0.31518,0.30586,0.29807,0.29322,0.28807,0.27901,0.26964,0.24502,0.22402,0.20578,0.19907,0.18866,0.17242,0.16772,0.15969,0.15064,0.14917,0.14975,0.15593,0.1663,0.18193,0.18362,0.18679,0.19913,0.21105,0.22599,0.23955,0.25633,0.27063,0.29998,0.31036,0.3232,0.32814,0.33653,0.34019,0.34635,0.36286,0.37387,0.37572,0.37988,0.39269,0.40372,0.41605,0.43204,0.43738,0.44232,0.45131,0.458,0.4732,0.48333,0.49468,0.50066,0.51293,0.52986,0.53977,0.54775,0.56132,0.57151,0.57659,0.58508,0.60108,0.61644,0.63063,0.64642,0.66786,0.6829,0.69562,0.70761,0.71707,0.73819,0.75242,0.76045,0.76904,0.78218,0.79383,0.80923,0.8231,0.83127,0.83915,0.85327,0.8728,0.89202,0.91038,0.92713,0.94215,0.95752,0.98757,1,0.98798,0.96747,0.94944,0.92663,0.91401,0.90096,0.88923,0.87346,-0.052273,-0.033376,0.35635,0.76125
SA(6.5),0.34616,0.34269,0.34198,0.3412,0.33805,0.33636,0.32957,0.31951,0.31662,0.3051,0.29564,0.28813,0.28364,0.27856,0.26958,0.26043,0.23585,0.21603,0.19744,0.19013,0.17887,0.16119,0.15484,0.14593,0.13588,0.13511,0.13639,0.14379,0.15564,0.17013,0.17229,0.17657,0.19168,0.20665,0.22468,0.23861,0.25511,0.26881,0.2995,0.30895,0.31993,0.32384,0.33031,0.33531,0.34137,0.35679,0.3691,0.37126,0.37649,0.39004,0.40033,0.41217,0.42773,0.43203,0.43602,0.44403,0.45047,0.46775,0.4789,0.49016,0.49608,0.50898,0.5251,0.53265,0.53982,0.55279,0.56006,0.56295,0.57159,0.58559,0.59923,0.6128,0.62793,0.64819,0.66143,0.67197,0.68477,0.69459,0.71617,0.72921,0.73612,0.74316,0.75335,0.76375,0.77903,0.79327,0.80166,0.80899,0.82263,0.84406,0.86393,0.88257,0.89905,0.91359,0.92933,0.96355,0.98798,1,0.99057,0.97553,0.95377,0.94089,0.92798,0.91575,0.89918,-0.063985,-0.044707,0.34809,0.75843
SA(7.0),0.35188,0.34842,0.34808,0.3473,0.34407,0.34236,0.33525,0.32477,0.32187,0.31002,0.30016,0.29217,0.28742,0.28212,0.27311,0.26415,0.23951,0.22019,0.20219,0.19506,0.18378,0.16616,0.16033,0.15129,0.1417,0.14184,0.14342,0.15111,0.16381,0.17781,0.18026,0.18566,0.20117,0.21735,0.23527,0.24728,0.2642,0.27901,0.3107,0.3197,0.33072,0.33508,0.34418,0.34879,0.35349,0.36746,0.38009,0.38323,0.38875,0.40233,0.41125,0.42074,0.43421,0.4382,0.44205,0.44964,0.45531,0.47131,0.48092,0.49185,0.49807,0.51001,0.5238,0.52906,0.53517,0.54697,0.55269,0.55351,0.5611,0.57477,0.58857,0.60138,0.61469,0.63369,0.64514,0.65426,0.66631,0.6747,0.69426,0.70599,0.71363,0.72017,0.72877,0.73788,0.75201,0.76604,0.77445,0.78126,0.7941,0.81728,0.83743,0.85626,0.87302,0.88747,0.90289,0.93806,0.96747,0.99057,1,0.99308,0.97355,0.96103,0.949,0.93705,0.91946,-0.07728,-0.059716,0.35359,0.75378
SA(7.5),0.34449,0.34071,0.34037,0.33954,0.33627,0.33444,0.32716,0.31665,0.31383,0.30195,0.29162,0.28344,0.27864,0.27332,0.2642,0.25537,0.23107,0.2124,0.19518,0.18825,0.1774,0.16053,0.15521,0.14641,0.13697,0.13782,0.14019,0.1487,0.16099,0.17569,0.17842,0.18417,0.1996,0.21526,0.23269,0.24453,0.262,0.27678,0.30779,0.31769,0.32933,0.33467,0.34637,0.3515,0.35574,0.3671,0.37906,0.38201,0.38715,0.39959,0.40708,0.41514,0.429,0.4334,0.43745,0.44478,0.45021,0.46646,0.47576,0.48564,0.49195,0.50378,0.51726,0.52177,0.52751,0.53993,0.5447,0.54396,0.55069,0.56371,0.57645,0.58913,0.60157,0.61974,0.63102,0.63944,0.6511,0.65931,0.67875,0.68864,0.69547,0.70166,0.70996,0.71885,0.7332,0.7464,0.75444,0.76092,0.77318,0.7976,0.81781,0.83663,0.85377,0.8686,0.88451,0.91924,0.94944,0.97553,0.99308,1,0.98722,0.97678,0.96545,0.95348,0.93626,-0.079197,-0.061448,0.34609,0.74502
SA(8.0),0.35747,0.35464,0.35439,0.35373,0.34947,0.34725,0.3398,0.32877,0.32571,0.31264,0.3018,0.29326,0.28833,0.28338,0.27453,0.26504,0.23719,0.21648,0.19815,0.19067,0.17962,0.16379,0.15744,0.1499,0.14266,0.14519,0.14891,0.16116,0.17459,0.19373,0.19681,0.20254,0.21997,0.23666,0.25409,0.26661,0.28439,0.29662,0.32184,0.32789,0.33957,0.34514,0.35586,0.36101,0.36506,0.37341,0.38485,0.38789,0.39205,0.4026,0.41109,0.42131,0.43477,0.43927,0.44414,0.45219,0.45809,0.47649,0.48843,0.50123,0.50775,0.51707,0.52854,0.53341,0.53874,0.55074,0.55301,0.54946,0.55542,0.56923,0.58542,0.60061,0.61074,0.62755,0.63983,0.6471,0.66026,0.67187,0.69112,0.69819,0.70444,0.71017,0.71628,0.72302,0.73501,0.74605,0.75195,0.75741,0.76758,0.78694,0.80628,0.82378,0.83881,0.85204,0.86587,0.89769,0.92663,0.95377,0.97355,0.98722,1,0.99495,0.98424,0.97284,0.95902,-0.097768,-0.10208,0.35954,0.75806
SA(8.5),0.36164,0.35864,0.35817,0.35725,0.35334,0.35122,0.34391,0.33308,0.33002,0.31765,0.30747,0.29884,0.29374,0.28857,0.27909,0.26971,0.24199,0.2211,0.20258,0.19481,0.18314,0.16706,0.16085,0.15263,0.14613,0.14969,0.15419,0.16583,0.17892,0.19799,0.2016,0.2085,0.22528,0.2415,0.25842,0.27087,0.28812,0.30022,0.32556,0.33482,0.34648,0.35198,0.3637,0.36897,0.37286,0.38067,0.39058,0.39293,0.39612,0.40498,0.41231,0.42202,0.43551,0.43997,0.44481,0.45248,0.45929,0.47856,0.48896,0.50205,0.50849,0.51672,0.52669,0.53023,0.53453,0.54575,0.54769,0.5438,0.54911,0.56355,0.58046,0.59529,0.60568,0.62238,0.6343,0.6412,0.65433,0.66593,0.68432,0.6909,0.69646,0.70212,0.7074,0.71408,0.72524,0.73494,0.74004,0.74509,0.75434,0.77299,0.79256,0.8108,0.82703,0.84107,0.85493,0.8861,0.91401,0.94089,0.96103,0.97678,0.99495,1,0.99464,0.9861,0.9738,-0.10543,-0.11093,0.36388,0.75769
SA(9.0),0.35231,0.34908,0.34851,0.34756,0.34322,0.34092,0.33331,0.322,0.31879,0.30583,0.29583,0.28715,0.28225,0.27709,0.26766,0.25858,0.23195,0.20995,0.19116,0.18326,0.17184,0.15656,0.1512,0.14324,0.13772,0.14158,0.1467,0.15852,0.17201,0.19143,0.19514,0.20223,0.21944,0.23727,0.25475,0.26583,0.28299,0.2942,0.3177,0.32709,0.33961,0.34541,0.35835,0.36539,0.37001,0.37744,0.3875,0.39038,0.39391,0.40191,0.40941,0.41929,0.43198,0.43566,0.43938,0.44579,0.45263,0.47084,0.48,0.49276,0.49956,0.50743,0.5184,0.52332,0.52773,0.5389,0.54111,0.53768,0.54431,0.55958,0.57772,0.59176,0.60241,0.61736,0.62752,0.63408,0.64801,0.65955,0.6765,0.68118,0.68565,0.69035,0.69567,0.70315,0.71433,0.72332,0.72788,0.73264,0.74087,0.75852,0.77807,0.79677,0.81416,0.82866,0.84218,0.87327,0.90096,0.92798,0.949,0.96545,0.98424,0.99464,1,0.9966,0.98682,-0.10694,-0.1086,0.35434,0.75237
SA(9.5),0.34337,0.34047,0.33988,0.33899,0.33468,0.33245,0.32478,0.3132,0.30989,0.29679,0.28699,0.27831,0.27365,0.26863,0.2598,0.2507,0.22488,0.20335,0.18424,0.17623,0.16484,0.15035,0.14464,0.13682,0.13171,0.13515,0.14062,0.15246,0.16548,0.18458,0.1887,0.19622,0.21289,0.23125,0.24875,0.25945,0.27631,0.28686,0.31073,0.32062,0.33345,0.33917,0.35247,0.35977,0.36449,0.37186,0.38212,0.38485,0.38805,0.39667,0.40418,0.4143,0.42701,0.43069,0.43418,0.44041,0.44705,0.46593,0.47542,0.48896,0.49534,0.50228,0.51176,0.5171,0.52065,0.53182,0.53451,0.53132,0.53789,0.55291,0.57108,0.58452,0.59503,0.61015,0.62022,0.62686,0.64081,0.65218,0.66828,0.67167,0.67554,0.6801,0.68515,0.69332,0.70364,0.71196,0.71625,0.72116,0.72873,0.74607,0.76556,0.78457,0.80286,0.81858,0.8317,0.862,0.88923,0.91575,0.93705,0.95348,0.97284,0.9861,0.9966,1,0.99287,-0.10873,-0.11249,0.34545,0.7459
SA(10.0),0.31116,0.30918,0.30874,0.30795,0.30346,0.30107,0.29302,0.28046,0.27666,0.26221,0.25204,0.24274,0.23796,0.23298,0.22437,0.21535,0.18976,0.16936,0.15034,0.14252,0.13203,0.11938,0.11352,0.1059,0.10094,0.10307,0.10734,0.11877,0.13167,0.1508,0.15553,0.16408,0.18029,0.19811,0.21479,0.22625,0.2433,0.25312,0.27706,0.28355,0.29427,0.29905,0.31352,0.3209,0.3253,0.33245,0.34461,0.34792,0.35025,0.35643,0.36224,0.37249,0.38636,0.39048,0.39404,0.39953,0.40563,0.4258,0.43793,0.45663,0.46306,0.46831,0.47696,0.48415,0.48759,0.49973,0.50591,0.50567,0.51442,0.52886,0.5481,0.56234,0.57431,0.58939,0.59852,0.60397,0.61671,0.62785,0.64562,0.6493,0.65271,0.65735,0.66409,0.67435,0.68434,0.69201,0.69665,0.70232,0.71116,0.73053,0.7506,0.77043,0.78927,0.80523,0.81828,0.84794,0.87346,0.89918,0.91946,0.93626,0.95902,0.9738,0.98682,0.99287,1,-0.13201,-0.14149,0.31323,0.73804
RSD575,-0.47518,-0.47299,-0.46956,-0.46575,-0.4586,-0.45622,-0.45211,-0.44628,-0.44488,-0.43761,-0.43481,-0.43077,-0.42835,-0.42647,-0.4217,-0.4165,-0.4097,-0.39868,-0.3864,-0.38148,-0.37526,-0.36355,-0.35438,-0.35157,-0.34873,-0.34809,-0.3477,-0.35484,-0.36591,-0.38193,-0.38531,-0.40015,-0.41194,-0.42508,-0.43181,-0.4375,-0.4335,-0.43675,-0.4372,-0.43686,-0.43405,-0.4352,-0.43636,-0.43518,-0.43509,-0.43169,-0.42885,-0.42914,-0.42446,-0.41258,-0.40768,-0.40186,-0.39482,-0.39174,-0.38997,-0.383,-0.37593,-0.35894,-0.34413,-0.329,-0.32479,-0.31547,-0.30424,-0.29672,-0.28965,-0.28538,-0.27874,-0.26943,-0.24839,-0.23377,-0.2289,-0.23114,-0.2232,-0.21949,-0.20131,-0.19158,-0.18691,-0.17717,-0.16676,-0.15425,-0.15458,-0.14933,-0.14894,-0.14036,-0.1324,-0.12,-0.11429,-0.10756,-0.093491,-0.11218,-0.097564,-0.086803,-0.078694,-0.068563,-0.060808,-0.055987,-0.052273,-0.063985,-0.07728,-0.079197,-0.097768,-0.10543,-0.10694,-0.10873,-0.13201,1,0.84054,-0.47498,-0.35011
RSD595,-0.46184,-0.46261,-0.46122,-0.4583,-0.45592,-0.45422,-0.45201,-0.44827,-0.44698,-0.43948,-0.43684,-0.43339,-0.43147,-0.42999,-0.42686,-0.42442,-0.41736,-0.40423,-0.39341,-0.38917,-0.38175,-0.36908,-0.3563,-0.35071,-0.34571,-0.34243,-0.33742,-0.33578,-0.34322,-0.36097,-0.36445,-0.37577,-0.38774,-0.39798,-0.40205,-0.40298,-0.40068,-0.40529,-0.41114,-0.40398,-0.39921,-0.39957,-0.4,-0.39844,-0.39778,-0.39241,-0.38884,-0.38764,-0.38338,-0.37573,-0.37163,-0.36607,-0.36276,-0.36122,-0.35869,-0.35006,-0.34451,-0.33008,-0.31956,-0.31164,-0.30857,-0.2995,-0.28795,-0.27862,-0.26625,-0.26249,-0.25764,-0.24983,-0.23101,-0.22114,-0.2197,-0.21834,-0.20802,-0.19945,-0.18585,-0.17806,-0.17741,-0.17323,-0.16421,-0.15263,-0.15374,-0.14634,-0.14798,-0.14066,-0.13299,-0.11849,-0.11366,-0.10494,-0.088856,-0.10364,-0.091191,-0.079969,-0.072724,-0.062565,-0.051016,-0.039712,-0.033376,-0.044707,-0.059716,-0.061448,-0.10208,-0.11093,-0.1086,-0.11249,-0.14149,0.84054,1,-0.46168,-0.34737
PGA,0.9999,0.99847,0.99759,0.99566,0.99183,0.99042,0.98743,0.98203,0.97993,0.97372,0.9696,0.96536,0.96277,0.95989,0.95465,0.95041,0.9392,0.92655,0.91339,0.90833,0.90093,0.88988,0.88358,0.87833,0.87331,0.87009,0.86802,0.8704,0.87252,0.88117,0.88222,0.88593,0.88857,0.88913,0.88917,0.88953,0.88952,0.88935,0.88755,0.87803,0.8698,0.86278,0.84985,0.84387,0.83883,0.82925,0.81824,0.81194,0.80482,0.78907,0.77757,0.76636,0.75509,0.75001,0.74578,0.73493,0.72449,0.69497,0.67271,0.65158,0.64735,0.63517,0.61742,0.59988,0.58601,0.57208,0.55574,0.54141,0.51664,0.50374,0.49343,0.48614,0.46898,0.46469,0.45102,0.43604,0.42911,0.42156,0.41556,0.40992,0.41489,0.41234,0.40974,0.40518,0.39923,0.3972,0.39449,0.39156,0.38404,0.39114,0.39084,0.38631,0.3837,0.37724,0.37383,0.36334,0.35635,0.34809,0.35359,0.34609,0.35954,0.36388,0.35434,0.34545,0.31323,-0.47498,-0.46168,1,0.6707
PGV,0.66832,0.66457,0.66174,0.65589,0.64784,0.64457,0.63595,0.62337,0.6183,0.60171,0.5902,0.57873,0.57211,0.56553,0.55392,0.54313,0.51088,0.47847,0.4503,0.44007,0.42485,0.40062,0.38627,0.37695,0.36557,0.3585,0.35646,0.36427,0.37784,0.40538,0.41106,0.42277,0.44227,0.46204,0.48171,0.49749,0.5174,0.53502,0.56621,0.5889,0.60363,0.61483,0.63312,0.64156,0.6536,0.67715,0.68966,0.69463,0.70101,0.71289,0.72489,0.737,0.75133,0.75671,0.76169,0.76943,0.77532,0.79011,0.80476,0.81454,0.81684,0.81959,0.82626,0.82775,0.8284,0.83109,0.83089,0.82818,0.82252,0.82396,0.82936,0.8307,0.82676,0.82698,0.8221,0.81755,0.8166,0.81274,0.81077,0.80392,0.80408,0.80096,0.79648,0.79198,0.79067,0.7887,0.78639,0.78376,0.7768,0.77413,0.77442,0.77471,0.7754,0.77246,0.77326,0.76628,0.76125,0.75843,0.75378,0.74502,0.75806,0.75769,0.75237,0.7459,0.73804,-0.35011,-0.34737,0.6707,1
